,ticker,organ_name
0,A32,Công ty Cổ phần 32
1,AAA,Công ty Cổ phần Nhựa An Phát Xanh
2,AAM,Công ty Cổ Phần Thủy Sản MeKong
3,AAS,Công ty Cổ phần Chứng khoán SmartInvest
4,AAT,Công ty Cổ phần Tập đoàn Tiên Sơn Thanh Hóa
5,AAV,Công ty Cổ phần AAV Group
6,ABB,Ngân hàng Thương mại Cổ phần An Bình
7,ABC,Công ty Cổ phần Truyền thông VMG
8,ABI,Công ty Cổ phần Bảo hiểm Ngân hàng Nông Nghiệp
9,ABR,Công ty Cổ phần Đầu tư Nhãn Hiệu Việt
10,ABS,Công ty Cổ phần Dịch vụ Nông nghiệp Bình Thuận
11,ABT,Công ty Cổ phần Xuất nhập khẩu Thủy sản Bến Tre
12,ABW,Công ty Cổ phần Chứng khoán An Bình
13,ACB,Ngân hàng Thương mại Cổ phần Á Châu
14,ACC,Công ty Cổ phần Đầu tư và Xây dựng Bình Dương ACC
15,ACE,Công ty Cổ phần Bê tông ly tâm An Giang
16,ACG,Công ty Cổ phần Gỗ An Cường
17,ACL,Công ty Cổ phần Xuất nhập khẩu Thủy sản Cửu Long An Giang
18,ACM,Công ty Cổ phần Tập đoàn Khoáng sản Á Cường
19,ACS,Công ty Cổ phần Xây lắp Thương mại 2
20,ACV,Tổng Công ty Cảng Hàng không Việt Nam - CTCP
21,ADC,Công ty Cổ phần Mĩ thuật và Truyền thông
22,ADG,Công ty Cổ phần Clever Group
23,ADP,Công ty Cổ phần Sơn Á Đông
24,ADS,Công ty Cổ phần DAMSAN
25,AFX,Công ty Cổ phần Xuất Nhập khẩu Nông sản Thực phẩm An Giang
26,AG1,Công ty Cổ phần 28.1
27,AGE,Công ty Cổ phần Môi trường Đô thị An Giang
28,AGF,Công ty Cổ phần Xuất nhập khẩu Thủy sản An Giang
29,AGG,Công ty Cổ phần Đầu tư và Phát triển Bất động sản An Gia
30,AGM,Công ty Cổ phần Xuất nhập khẩu An Giang
31,AGP,Công ty Cổ phần Dược phẩm AGIMEXPHARM
32,AGR,Công ty Cổ phần Chứng khoán AGRIBANK
33,AGX,Công ty Cổ phần Thực phẩm Nông sản Xuất khẩu Sài Gòn
34,AIC,Tổng Công ty Cổ phần Bảo hiểm Hàng không
35,ALT,Công ty Cổ phần Văn hóa Tân Bình
36,ALV,Công ty Cổ phần Xây dựng ALVICO
37,AMC,Công ty Cổ phần Khoáng sản Á Châu
38,AMD,Công ty Cổ phần Đầu tư và Khoáng sản FLC Stone
39,AME,Công ty cổ phần Alphanam E&C
40,AMP,Công ty Cổ phần Armephaco
41,AMS,Công ty Cổ phần Cơ khí Xây dựng AMECC
42,AMV,Công ty Cổ phần Sản xuất Kinh doanh Dược và Trang thiết bị Y tế Việt Mỹ
43,ANT,Công ty Cổ phần Rau quả Thực phẩm An Giang
44,ANV,Công ty Cổ phần Nam Việt
45,APC,Công ty Cổ phần Chiếu xạ An Phú
46,APF,Công ty Cổ phần Nông sản Thực phẩm Quảng Ngãi
47,APG,Công ty Cổ phần Chứng khoán APG
48,APH,Công ty Cổ phần Tập đoàn An Phát Holdings
49,API,Công ty Cổ phần Đầu tư Châu Á - Thái Bình Dương
50,APL,Công ty Cổ phần Cơ khí và Thiết bị áp lực - VVMI
51,APP,Công ty Cổ phần Phát triển Phụ gia và Sản phẩm dầu mỏ
52,APS,Công ty Cổ phần Chứng khoán Châu Á - Thái Bình Dương
53,APT,Công ty Cổ phần Kinh doanh thủy hải sản Sài Gòn
54,ARM,Công ty Cổ phần Xuất nhập khẩu Hàng không
55,ART,Công ty Cổ phần Chứng khoán BOS
56,ASA,Công ty Cổ phần ASA
57,ASG,Công ty Cổ phần Tập đoàn ASG
58,ASM,Công ty Cổ phần Tập đoàn Sao Mai
59,ASP,Công ty Cổ phần Tập đoàn Dầu khí An Pha
60,AST,Công ty Cổ phần Dịch vụ Hàng không Taseco
61,ATA,Công ty Cổ phần NTACO
62,ATB,Công ty Cổ phần An Thịnh
63,ATG,Công ty Cổ phần An Trường An
64,ATS,Công ty Cổ phần Tập đoàn Dược phẩm Atesco
65,AVC,Công ty Cổ phần Thủy điện A Vương
66,AVF,Công ty Cổ phần Việt An
67,B82,Công ty Cổ phần 482
68,BAB,Ngân hàng Thương mại Cổ phần Bắc Á
69,BAF,Công ty Cổ phần Nông nghiệp BAF Việt Nam
70,BAL,Công ty Cổ phần Bao bì Bia - Rượu - Nước giải khát
71,BAX,Công ty Cổ phần Thống Nhất
72,BBC,Công ty Cổ phần Bibica
73,BBH,Công ty Cổ phần Bao bì Hoàng Thạch
74,BBM,Công ty Cổ phần Bia Hà Nội - Nam Định
75,BBS,Công ty Cổ phần VICEM Bao bì Bút Sơn
76,BBT,Công ty Cổ phần Bông Bạch Tuyết
77,BCA,Công ty cổ phần B.C.H
78,BCB,Công ty Cổ phần 397
79,BCC,Công ty Cổ phần Xi măng Bỉm Sơn
80,BCE,Công ty Cổ phần Xây dựng và Giao thông Bình Dương
81,BCF,Công ty Cổ phần Thực phẩm Bích Chi
82,BCG,Công ty Cổ phần Tập đoàn Bamboo Capital
83,BCM,Tổng Công ty Đầu tư và Phát triển Công nghiệp - CTCP
84,BCO,Công ty Cổ phần Xây dựng Bình Phước
85,BCP,Công ty Cổ phần Dược Enlie
86,BCV,Công ty cổ phần Du lịch và Thương mại Bằng Giang Cao Bằng - Vimico
87,BDB,Công ty Cổ phần Sách và Thiết bị Bình Định
88,BDG,Công ty Cổ phần May mặc Bình Dương
89,BDT,Công ty Cổ phần Xây lắp và Vật liệu xây dựng Đồng Tháp
90,BDW,Công ty Cổ phần Cấp thoát nước Bình Định
91,BED,Công ty Cổ phần Sách và Thiết bị trường học Đà Nẵng
92,BEL,Công ty Cổ phần Điện tử Biên Hòa
93,BFC,Công ty Cổ phần Phân bón Bình Điền
94,BGW,Công ty Cổ phần Nước sạch Bắc Giang
95,BHA,Công ty cổ phần Thủy điện Bắc Hà
96,BHC,Công ty Cổ phần Bê tông Biên Hòa
97,BHG,Công ty Cổ phần Chè Biển Hồ
98,BHI,Tổng Công ty Cổ phần Bảo hiểm Sài Gòn - Hà Nội
99,BHK,Công ty Cổ phần Bia Hà Nội - Kim Bài
100,BHN,Tổng Công ty Cổ phần Bia - Rượu - Nước giải khát Hà Nội
101,BHP,Công ty Cổ phần Bia Hà Nội - Hải Phòng
102,BIC,Tổng Công ty Cổ phần Bảo hiểm Ngân hàng Đầu tư và Phát triển Việt Nam
103,BID,Ngân hàng Thương mại Cổ phần Đầu tư và Phát triển Việt Nam
104,BIG,Công ty cổ phần BIG Invest Group
105,BII,Công ty Cổ phần Đầu tư và Phát triển Công nghiệp Bảo Thư
106,BIO,Công ty Cổ phần Vắc xin và Sinh phẩm Nha Trang
107,BKC,Công ty Cổ phần Khoáng sản Bắc Kạn
108,BKG,Công ty Cổ phần Đầu tư BKG Việt Nam
109,BKH,Công ty Cổ phần Bánh mứt kẹo Hà Nội
110,BLF,Công ty Cổ phần Thủy sản Bạc Liêu
111,BLI,Tổng Công ty Cổ phần Bảo hiểm Bảo Long
112,BLN,Công ty Cổ phần Vận tải và Dịch vụ Liên Ninh
113,BLT,Công ty Cổ phần Lương thực Bình Định
114,BLW,Công ty Cổ phần Cấp nước Bạc Liêu
115,BMC,Công ty Cổ phần Khoáng sản Bình Định
116,BMD,Công ty Cổ phần Môi trường và Dịch vụ Đô thị Bình Thuận
117,BMF,Công ty Cổ phần Vật liệu Xây dựng và Chất đốt Đồng Nai
118,BMG,Công ty Cổ phần May Bình Minh
119,BMI,Tổng Công ty Cổ phần Bảo Minh
120,BMJ,Công ty Cổ phần Khoáng sản Miền Đông AHP
121,BMN,Công ty Cổ phần 715
122,BMP,Công ty Cổ phần Nhựa Bình Minh
123,BMS,Công ty Cổ phần Chứng khoán Bảo Minh
124,BMV,Công ty Cổ phần Bột mỳ Vinafood 1
125,BNA,Công ty Cổ phần Đầu tư Sản xuất Bảo Ngọc
126,BNW,Công ty Cổ phần Nước sạch Bắc Ninh
127,BOT,Công ty Cổ phần BOT Cầu Thái Hà
128,BPC,Công ty Cổ phần Vicem Bao bì Bỉm Sơn
129,BQB,Công ty Cổ phần Bia Hà Nội - Quảng Bình
130,BRC,Công ty Cổ phần Cao su Bến Thành
131,BRR,Công ty Cổ phần Cao su Bà Rịa
132,BRS,Công ty Cổ phần Dịch vụ Đô thị Bà Rịa
133,BSA,Công ty Cổ phần Thủy điện Buôn Đôn
134,BSC,Công ty Cổ phần Dịch vụ Bến Thành
135,BSD,"Công ty Cổ phần Bia, Rượu Sài Gòn - Đồng Xuân"
136,BSG,Công ty Cổ phần Xe khách Sài Gòn
137,BSH,Công ty Cổ phần Bia Sài Gòn - Hà Nội
138,BSI,Công ty Cổ phần Chứng khoán BIDV
139,BSL,Công ty Cổ phần Bia Sài Gòn - Sông Lam
140,BSP,Công ty Cổ phần Bia Sài Gòn - Phú Thọ
141,BSQ,Công ty Cổ phần Bia Sài Gòn - Quảng Ngãi
142,BSR,Công ty Cổ phần Lọc Hóa dầu Bình Sơn
143,BST,Công ty Cổ phần Sách và Thiết bị Bình Thuận
144,BT1,Công ty Cổ phần Bảo vệ thực vật 1 Trung ương
145,BT6,Công ty Cổ phần BETON 6
146,BTB,Công ty Cổ phần Bia Hà Nội - Thái Bình
147,BTD,Công ty Cổ phần Bê tông ly tâm Thủ Đức
148,BTG,Công ty Cổ phần Bao bì Tiền Giang
149,BTH,Công ty Cổ phần Chế tạo Biến thế và Vật liệu Điện Hà Nội
150,BTN,Công ty Cổ phần Đầu tư Bitco Bình Định
151,BTP,Công ty Cổ phần Nhiệt điện Bà Rịa
152,BTS,Công ty Cổ phần Xi măng VICEM Bút Sơn
153,BTT,Công ty Cổ phần Thương mại - Dịch vụ Bến Thành
154,BTU,Công ty Cổ phần Công trình Đô thị Bến Tre
155,BTV,Công ty Cổ phần Dịch vụ Du lịch Bến Thành
156,BTW,Công ty Cổ phần Cấp nước Bến Thành
157,BVB,Ngân hàng Thương mại Cổ phần Bản Việt
158,BVG,Công ty cổ phần Group Bắc Việt
159,BVH,Tập đoàn Bảo Việt
160,BVL,Công ty Cổ phần BV Land
161,BVN,Công ty Cổ phần Bông Việt Nam
162,BVS,Công ty Cổ phần Chứng khoán Bảo Việt
163,BWA,Công ty Cổ phần Cấp thoát nước và Xây dựng Bảo Lộc
164,BWE,Công ty Cổ phần - Tổng công ty Nước - Môi trường Bình Dương
165,BWS,Công ty Cổ phần Cấp Nước Bà Rịa - Vũng Tàu
166,BXH,Công ty Cổ phần VICEM Bao bì Hải Phòng
167,C12,Công ty Cổ phần Cầu 12
168,C21,Công ty Cổ phần Thế kỷ 21
169,C22,Công ty Cổ phần 22
170,C32,Công ty Cổ phần CIC39
171,C47,Công ty Cổ phần Xây dựng 47
172,C4G,Công ty Cổ phần Tập Đoàn Cienco4
173,C69,Công ty Cổ phần Xây dựng 1369
174,C92,Công ty Cổ phần Xây dựng và Đầu tư 492
175,CAB,Công ty Cổ phần Tổng Công ty Truyền hình Cáp Việt Nam
176,CAD,Công ty Cổ phần Chế biến và Xuất khẩu Thủy sản Cadovimex
177,CAG,Công ty Cổ phần Cảng An Giang
178,CAN,Công ty Cổ phần Đồ hộp Hạ Long
179,CAP,Công ty Cổ phần Lâm Nông sản Thực phẩm Yên Bái
180,CAR,Công ty cổ phần Tập đoàn Giáo dục Trí Việt
181,CAT,Công ty Cổ phần Thủy sản Cà Mau
182,CAV,Công ty CP Dây cáp điện Việt Nam
183,CBI,Công ty Cổ phần Gang thép Cao Bằng
184,CBS,Công ty Cổ phần Mía đường Cao Bằng
185,CC1,Tổng Công ty Xây dựng số 1 - CTCP
186,CC4,Công ty Cổ phần Đầu tư và Xây dựng số 4
187,CCA,Công ty Cổ phần Xuất nhập khẩu Thủy sản Cần Thơ
188,CCI,Công ty Cổ phần Đầu tư Phát triển Công nghiệp Thương mại Củ Chi
189,CCL,Công ty Cổ phần Đầu tư và Phát triển Đô thị Dầu khí Cửu Long
190,CCM,Công ty Cổ phần Khoáng sản và Xi măng Cần Thơ
191,CCP,Công ty Cổ phần Cảng Cửa Cấm Hải Phòng
192,CCR,Công ty Cổ phần Cảng Cam Ranh
193,CCT,Công ty Cổ phần Cảng Cần Thơ
194,CCV,Công ty Cổ phần Tư vấn Xây dựng Công nghiệp và Đô thị Việt Nam
195,CDC,Công ty Cổ phần Chương Dương
196,CDG,Công ty Cổ phần Cầu Đuống
197,CDH,Công ty Cổ phần Công trình Công cộng và Dịch vụ Du lịch Hải Phòng
198,CDN,Công ty Cổ phần Cảng Đà Nẵng
199,CDO,Công ty Cổ phần Tư vấn Thiết kế và Phát triển Đô thị
200,CDP,Công ty Cổ phần Dược phẩm Trung ương Codupha
201,CDR,Công ty Cổ phần Xây dựng Cao su Đồng Nai
202,CE1,Công ty Cổ phần Xây dựng và Thiết bị Công nghiệp CIE1
203,CEG,Công ty Cổ phần Tập đoàn Xây dựng và Thiết bị Công nghiệp
204,CEN,Công ty Cổ phần CENCON Việt Nam
205,CEO,Công ty Cổ phần Tập đoàn C.E.O
206,CET,Công ty Cổ phần HTC Holding
207,CFM,Công ty Cổ phần Đầu tư CFM
208,CFV,Công ty Cổ phần Cà phê Thắng Lợi
209,CGV,Công ty Cổ phần Vinaceglass
210,CH5,Công ty Cổ phần Xây dựng số 5 Hà Nội
211,CHC,Công ty Cổ phần Cẩm Hà
212,CHP,Công ty Cổ phần Thủy điện Miền Trung
213,CHS,Công ty Cổ phần Chiếu sáng Công cộng Thành phố Hồ Chí Minh
214,CI5,Công ty Cổ phần Đầu tư Xây dựng số 5
215,CIA,Công ty Cổ Phần Dịch Vụ Sân Bay Quốc Tế Cam Ranh
216,CID,Công ty Cổ phần Xây dựng và Phát triển Cơ sở Hạ tầng
217,CIG,Công ty Cổ phần COMA 18
218,CII,Công ty Cổ phần Đầu tư Hạ tầng Kỹ thuật Thành phố Hồ Chí Minh
219,CIP,Công ty Cổ phần Xây lắp và Sản xuất Công nghiệp
220,CJC,Công ty Cổ phần Cơ điện Miền Trung
221,CK8,Công ty Cổ phần Cơ khí 120
222,CKA,Công ty Cổ phần Cơ khí An Giang
223,CKD,Công ty Cổ phần Cơ khí Đông Anh Licogi
224,CKG,Công ty Cổ phần Tập đoàn Tư vấn Đầu tư Xây dựng Kiên Giang
225,CKV,Công ty Cổ phần CokyVina
226,CLC,Công ty Cổ phần Cát Lợi
227,CLG,Công ty Cổ phần Đầu tư và Phát triển Nhà đất Cotec
228,CLH,Công ty Cổ phần Xi măng La Hiên VVMI
229,CLL,Công ty Cổ phần Cảng Cát Lái
230,CLM,Công ty Cổ phần Xuất nhập khẩu Than - Vinacomin
231,CLW,Công ty Cổ phần Cấp nước Chợ Lớn
232,CLX,Công ty Cổ phần Xuất nhập khẩu và Đầu tư Chợ Lớn (CHOLIMEX)
233,CMC,Công ty Cổ phần Đầu tư CMC
234,CMD,Công ty Cổ phần Vật liệu xây dựng và Trang trí nội thất TP Hồ Chí Minh
235,CMF,Công ty Cổ phần Thực phẩm Cholimex
236,CMG,Công ty Cổ phần Tập đoàn Công nghệ CMC
237,CMI,Công ty Cổ phần CMISTONE Việt Nam
238,CMK,Công ty Cổ phần Cơ khí Mạo Khê - Vinacomin
239,CMM,Công ty Cổ phần Camimex
240,CMN,Công ty Cổ phần Lương thực Thực phẩm Colusa - Miliket
241,CMP,Công ty Cổ phần Cảng Chân Mây
242,CMS,Công ty Cổ phần Tập đoàn CMH Việt Nam
243,CMT,Công ty Cổ phần Công nghệ mạng và Truyền thông
244,CMV,Công ty Cổ phần Thương nghiệp Cà Mau
245,CMW,Công ty Cổ phần Cấp nước Cà Mau
246,CMX,Công ty Cổ phần CAMIMEX Group
247,CNA,Công ty Cổ phần Tổng công ty Chè Nghệ An
248,CNC,Công ty Cổ phần Công nghệ cao Traphaco
249,CNG,Công ty Cổ phần CNG Việt Nam
250,CNN,"Công ty Cổ phần Tư vấn Công nghệ, Thiết bị và Kiểm định Xây dựng - CONINCO"
251,CNT,Công ty Cổ phần Tập đoàn CNT
252,COM,Công ty Cổ phần Vật tư Xăng dầu
253,CPA,Công ty Cổ phần Cà phê Phước An
254,CPC,Công ty Cổ phần Thuốc sát trùng Cần Thơ
255,CPH,Công ty Cổ phần Phục vụ Mai táng Hải Phòng
256,CPI,Công ty Cổ phần Đầu tư Cảng Cái Lân
257,CQN,Công ty Cổ phần Cảng Quảng Ninh
258,CQT,Công ty Cổ phần Xi măng Quán Triều VVMI
259,CRC,Công ty Cổ phần Create Capital Việt Nam
260,CRE,Công ty Cổ phần Bất động sản Thế Kỷ
261,CSC,Công ty Cổ phần Tập đoàn COTANA
262,CSI,Công ty Cổ phần Chứng khoán Kiến thiết Việt Nam
263,CSM,Công ty Cổ phần Công nghiệp Cao su Miền Nam
264,CST,Công ty Cổ phần Than Cao Sơn - TKV
265,CSV,Công ty Cổ phần Hóa chất Cơ bản miền Nam
266,CT3,Công ty Cổ phần Đầu tư và Xây dựng công trình 3
267,CT6,Công ty Cổ phần Công trình 6
268,CTA,Công ty Cổ phần Vinavico
269,CTB,Công ty Cổ phần Chế tạo Bơm Hải Dương
270,CTC,Công ty Cổ phần Tập đoàn Hoàng Kim Tây Nguyên
271,CTD,Công ty Cổ phần Xây dựng Coteccons
272,CTF,Công ty Cổ phần City Auto
273,CTG,Ngân hàng Thương mại Cổ phần Công thương Việt Nam
274,CTI,Công ty Cổ phần Đầu tư Phát triển Cường Thuận IDICO
275,CTN,Công ty Cổ phần Xây dựng Công trình ngầm
276,CTP,Công ty Cổ phần Minh Khang Capital Trading Public
277,CTR,Tổng Công ty Cổ phần Công trình Viettel
278,CTS,Công ty Cổ phần Chứng khoán Ngân hàng Công thương Việt Nam
279,CTT,Công ty Cổ phần Chế tạo máy Vinacomin
280,CTW,Công ty Cổ phần Cấp thoát nước Cần Thơ
281,CTX,Tổng Công ty Cổ phần Đầu tư Xây dựng và Thương mại Việt Nam
282,CVN,Công ty Cổ phần Vinam
283,CVT,Công ty Cổ phần CMC
284,CX8,Công ty Cổ phần Đầu tư và Xây lắp Constrexim số 8
285,CYC,Công ty Cổ phần Gạch men Chang Yih
286,D11,Công ty Cổ phần Địa ốc 11
287,D2D,Công ty Cổ phần Phát triển Đô thị Công nghiệp số 2
288,DAC,Công ty Cổ phần 382 Đông Anh
289,DAD,Công ty Cổ phần Đầu tư và Phát triển Giáo dục Đà Nẵng
290,DAE,Công ty Cổ phần Sách Giáo dục tại Thành phố Đà Nẵng
291,DAG,Công ty Cổ phần Tập đoàn Nhựa Đông Á
292,DAH,Công ty Cổ phần Tập đoàn Khách sạn Đông Á
293,DAN,Công ty Cổ phần Dược Danapha
294,DAS,Công ty Cổ phần Máy - Thiết bị Dầu khí Đà Nẵng
295,DAT,Công ty Cổ phần Đầu tư Du lịch và Phát triển Thủy sản
296,DBC,Công ty Cổ phần Tập đoàn Dabaco Việt Nam
297,DBD,Công ty Cổ phần Dược - Trang thiết bị y tế Bình Định
298,DBM,Công ty Cổ phần Dược - Vật tư Y tế Đắk Lắk
299,DBT,Công ty Cổ phần Dược phẩm Bến Tre
300,DC1,Công ty Cổ phần Đầu tư Phát triển Xây dựng số 1
301,DC2,Công ty Cổ phần Đầu tư Phát triển - Xây dựng (DIC) số 2
302,DC4,Công ty Cổ phần Xây dựng DIC Holdings
303,DCF,Công ty Cổ phần Xây dựng và Thiết kế số 1
304,DCG,Công ty Cổ phần Tổng Công ty May Đáp Cầu
305,DCH,Công ty Cổ phần Địa chính Hà Nội
306,DCL,Công ty Cổ phần Dược phẩm Cửu Long
307,DCM,Công ty Cổ phần Phân bón Dầu Khí Cà Mau
308,DCR,Công ty Cổ phần Gạch men COSEVCO
309,DCS,Công ty Cổ phần Tập đoàn Đại Châu
310,DCT,Công ty Cổ phần Tấm lợp Vật liệu Xây dựng Đồng Nai
311,DDG,Công ty Cổ phần Đầu tư Công nghiệp Xuất nhập khẩu Đông Dương
312,DDH,Công ty Cổ phần Đảm bảo giao thông đường thủy Hải Phòng
313,DDM,Công ty Cổ phần Hàng hải Đông Đô
314,DDN,Công ty Cổ phần Dược - Thiết bị y tế Đà Nẵng
315,DDV,Công ty Cổ phần DAP - Vinachem
316,DFC,Công ty Cổ phần Xích líp Đông Anh
317,DFF,Công ty Cổ phần Tập đoàn Đua Fat
318,DGC,Công ty Cổ phần Tập đoàn Hóa chất Đức Giang
319,DGT,Công ty Cổ phần Công trình Giao thông Đồng Nai
320,DGW,Công ty Cổ phần Thế Giới Số
321,DHA,Công ty Cổ phần Hóa An
322,DHB,Công ty Cổ phần Phân đạm và Hóa chất Hà Bắc
323,DHC,Công ty Cổ phần Đông Hải Bến Tre
324,DHD,Công ty Cổ phần Dược Vật Tư Y Tế Hải Dương
325,DHG,Công ty Cổ phần Dược Hậu Giang
326,DHM,Công ty Cổ phần Thương mại & Khai thác Khoáng sản Dương Hiếu
327,DHN,Công ty Cổ phần Dược phẩm Hà Nội
328,DHP,Công ty Cổ phần Điện cơ Hải Phòng
329,DHT,Công ty Cổ phần Dược phẩm Hà Tây
330,DIC,Công ty Cổ phần Đầu tư và Thương mại DIC
331,DID,Công ty Cổ phần DIC - Đồng Tiến
332,DIG,Tổng Công ty Cổ phần Đầu tư Phát triển Xây dựng
333,DIH,Công ty Cổ phần Đầu tư Phát triển Xây dựng - Hội An
334,DKC,Công ty Cổ phần Chợ Lạng Sơn
335,DL1,Công ty Cổ phần Tập đoàn Alpha Seven
336,DLD,Công ty Cổ phần Du lịch Đắk Lắk
337,DLG,Công ty Cổ phần Tập đoàn Đức Long Gia Lai
338,DLM,Công ty Cổ phần Chiếu sáng công cộng Đà Nẵng
339,DLR,Công ty Cổ phần Địa ốc Đà Lạt
340,DLT,Công ty Cổ phần Du lịch và Thương mại - Vinacomin
341,DM7,Công ty Cổ phần Dệt may 7
342,DMC,Công ty Cổ phần Xuất nhập khẩu Y tế DOMESCO
343,DMN,Công ty Cổ phần Domenal
344,DMS,Công ty Cổ phần Hóa phẩm dầu khí DMC - Miền Nam
345,DNA,Công ty Cổ phần Điện nước An Giang
346,DNC,Công ty Cổ phần Điện nước Lắp máy Hải Phòng
347,DND,Công ty Cổ phần Đầu tư Xây dựng và Vật liệu Đồng Nai
348,DNE,Công ty Cổ phần Môi trường Đô thị Đà Nẵng
349,DNH,Công ty Cổ phần Thủy điện Đa Nhim - Hàm Thuận - Đa Mi
350,DNL,Công ty Cổ phần Logistics Cảng Đà Nẵng
351,DNM,Tổng Công ty Cổ phần Y tế Danameco
352,DNN,Công ty Cổ phần Cấp nước Đà Nẵng
353,DNP,Công ty Cổ phần DNP Holding
354,DNT,Công ty Cổ phần Du lịch Đồng Nai
355,DNW,Công ty Cổ phần Cấp nước Đồng Nai
356,DOC,Công ty Cổ phần Vật tư nông nghiệp Đồng Nai
357,DOP,Công ty Cổ phần Vận tải Xăng dầu Đồng Tháp
358,DP1,Công ty Cổ phần Dược phẩm Trung ương CPC1
359,DP2,Công ty Cổ phần Dược phẩm Trung ương 2
360,DP3,Công ty Cổ Phần Dược Phẩm Trung Ương 3
361,DPC,Công ty Cổ phần Nhựa Đà Nẵng
362,DPG,Công ty Cổ phần Tập đoàn Đạt Phương
363,DPH,Công ty Cổ phần Dược phẩm Hải Phòng
364,DPM,Tổng Công ty Phân bón và Hóa chất Dầu khí - Công ty Cổ phần
365,DPP,Công ty Cổ phần Dược Đồng Nai
366,DPR,Công ty Cổ phần Cao su Đồng Phú
367,DPS,Công ty Cổ phần Đầu tư Phát triển Sóc Sơn
368,DQC,Công ty Cổ phần Tập đoàn Điện Quang
369,DRC,Công ty Cổ phần Cao su Đà Nẵng
370,DRG,Công ty Cổ phần Cao su Đắk Lắk
371,DRH,Công ty Cổ phần DRH Holdings
372,DRI,Công ty Cổ phần Đầu tư Cao su Đắk Lắk
373,DRL,Công ty Cổ phần Thủy điện - Điện lực 3
374,DS3,Công ty Cổ phần DS3
375,DSC,Công ty Cổ phần Chứng khoán DSC
376,DSD,Công ty cổ phần DHC Suối Đôi
377,DSG,Công ty Cổ phần Kính Đáp Cầu
378,DSN,Công ty Cổ phần Công viên nước Đầm Sen
379,DSP,Công ty Cổ phần Dịch vụ Du lịch Phú Thọ
380,DST,Công ty Cổ phần Đầu tư Sao Thăng Long
381,DSV,Công ty Cổ phần Đường sắt Vĩnh Phú
382,DTA,Công ty Cổ phần Đệ Tam
383,DTB,Công ty Cổ phần Công trình Đô thị Bảo Lộc
384,DTC,Công ty Cổ phần Viglacera Đông Triều
385,DTD,Công ty Cổ phần Đầu tư Phát triển Thành Đạt
386,DTE,Công ty Cổ phần Đầu tư Năng lượng Đại Trường Thành Holdings
387,DTG,Công ty Cổ phần Dược phẩm Tipharco
388,DTH,Công ty Cổ phần Dược - Vật tư Y tế Thanh Hóa
389,DTI,Công ty Cổ phần Đầu tư Đức Trung
390,DTK,Tổng Công ty Điện lực TKV - Công ty Cổ phần
391,DTL,Công ty Cổ phần Đại Thiên Lộc
392,DTP,Công ty Cổ phần Dược phẩm CPC1 Hà Nội
393,DTT,Công ty Cổ phần Kỹ nghệ Đô Thành
394,DTV,Công ty Cổ phần Phát triển điện Trà Vinh
395,DUS,Công ty Cổ phần Dịch vụ Đô thị Đà Lạt
396,DVC,Công ty Cổ phần Thương mại dịch vụ Tổng Hợp Cảng Hải Phòng
397,DVG,Công ty Cổ phần Đại Việt Group DVG
398,DVM,Công ty Cổ phần Dược liệu Việt Nam
399,DVN,Tổng Công ty Dược Việt Nam - CTCP
400,DVP,Công ty Cổ phần Đầu tư và Phát triển Cảng Đình Vũ
401,DVW,Công ty Cổ phần Dịch vụ và Xây dựng cấp nước Đồng Nai
402,DWC,Công ty Cổ phần Cấp nước Đắk Lắk
403,DWS,Công ty Cổ phần Cấp nước và Môi trường Đô thị Đồng Tháp
404,DXG,Công ty Cổ phần Tập đoàn Đất Xanh
405,DXL,Công ty Cổ phần Du lịch và Xuất nhập khẩu Lạng Sơn
406,DXP,Công ty Cổ phần Cảng Đoạn Xá
407,DXS,Công ty Cổ phần Dịch vụ Bất động sản Đất Xanh
408,DXV,Công ty Cổ phần VICEM Vật liệu Xây dựng Đà Nẵng
409,DZM,Công ty Cổ phần Cơ điện Dzĩ An
410,E12,Công ty Cổ phần Xây Dựng Điện VNECO 12
411,E29,Công ty cổ phần Đầu tư Xây dựng và Kỹ thuật 29
412,EBS,Công ty Cổ phần Sách Giáo dục tại Thành phố Hà Nội
413,ECI,Công ty Cổ phần Tập đoàn ECI
414,EFI,Công ty Cổ phần Đầu tư Tài chính Giáo dục
415,EIB,Ngân hàng Thương mại Cổ phần Xuất nhập khẩu Việt Nam
416,EIC,Công ty Cổ phần EVN Quốc Tế
417,EID,Công ty Cổ phần Đầu tư và Phát triển Giáo dục Hà Nội
418,EIN,Công ty Cổ phần Đầu tư - Thương Mại - Dịch vụ Điện lực
419,ELC,Công ty Cổ phần Công nghệ - Viễn thông ELCOM
420,EME,Công ty Cổ phần Điện Cơ
421,EMG,Công ty Cổ phần Thiết bị Phụ tùng Cơ điện
422,EMS,Tổng Công ty Chuyển phát nhanh Bưu điện - Công ty Cổ phần
423,EPC,Công ty Cổ phần Cà Phê Ea Pốk
424,EPH,Công ty Cổ phần Dịch vụ Xuất bản Giáo dục Hà Nội
425,EVE,Công ty Cổ phần Everpia
426,EVF,Công ty Tài chính Cổ phần Điện Lực
427,EVG,Công ty Cổ phần Tập đoàn Everland
428,EVS,Công ty Cổ phần Chứng khoán Everest
429,FBA,Công ty Cổ phần Tập đoàn Quốc tế FBA
430,FBC,Công ty Cổ phần Cơ khí Phổ Yên
431,FCC,Công ty Cổ phần Liên hợp Thực phẩm
432,FCM,Công ty Cổ phần Khoáng sản FECON
433,FCN,Công ty Cổ phần FECON
434,FCS,Công ty Cổ phần Lương thực Thành phố Hồ Chí Minh
435,FDC,Công ty Cổ phần Ngoại thương và Phát triển Đầu tư Thành phố Hồ Chí Minh
436,FGL,Công ty Cổ phần Cà phê Gia Lai
437,FHN,Công ty Cổ phần Xuất nhập khẩu Lương thực - Thực phẩm Hà Nội
438,FHS,Công ty Cổ phần Phát hành sách Thành phố Hồ Chí Minh - FAHASA
439,FIC,Tổng Công ty Vật liệu Xây dựng số 1 - Công ty Cổ phần
440,FID,Công ty Cổ phần Đầu tư và Phát triển Doanh nghiệp Việt Nam
441,FIR,Công ty Cổ phần Địa ốc First Real
442,FIT,Công ty Cổ phần Tập đoàn F.I.T
443,FLC,Công ty Cổ phần Tập đoàn FLC
444,FMC,Công ty Cổ phần Thực phẩm Sao Ta
445,FOC,Công ty Cổ phần Dịch vụ Trực tuyến FPT
446,FOX,Công ty Cổ phần Viễn thông FPT
447,FPT,Công ty Cổ phần FPT
448,FRC,Công ty Cổ phần Lâm đặc sản xuất khẩu Quảng Nam
449,FRM,Công ty Cổ phần Lâm nghiệp Sài Gòn
450,FRT,Công ty Cổ phần Bán lẻ Kỹ thuật số FPT
451,FSO,Công ty Cổ phần Cơ khí đóng tàu thủy sản Việt Nam
452,FT1,Công ty Cổ phần Phụ tùng máy số 1
453,FTI,Công ty Cổ phần Công nghiệp - Thương mại Hữu Nghị
454,FTM,Công ty Cổ phần Đầu tư và Phát triển Đức Quân
455,FTS,Công ty Cổ phần Chứng khoán FPT
456,G20,Công ty Cổ phần Đầu tư Dệt may Vĩnh Phúc
457,G36,Tổng Công ty 36 - Công ty Cổ phần
458,GAB,Công ty Cổ phần Đầu tư Khai khoáng & Quản lý Tài sản FLC
459,GAS,Tổng Công ty Khí Việt Nam - Công ty Cổ phần
460,GCB,Công ty Cổ phần PETEC Bình Định
461,GCF,Công ty Cổ phần Thực phẩm G.C
462,GDA,Công ty Cổ phần Tôn Đông Á
463,GDT,Công ty Cổ phần Chế biến Gỗ Đức Thành
464,GDW,Công ty Cổ phần Cấp nước Gia Định
465,GEE,Công ty Cổ phần Điện lực Gelex
466,GEG,Công ty Cổ phần Điện Gia Lai
467,GER,Công ty Cổ phần Thể thao Ngôi sao Geru
468,GEX,Công ty Cổ phần Tập đoàn Gelex
469,GGG,Công ty Cổ phần Ô tô Giải Phóng
470,GH3,Công ty Cổ phần Công trình giao thông Hà Nội
471,GHC,Công ty Cổ phần Thủy điện Gia Lai
472,GIC,Công ty Cổ phần Đầu tư Dịch vụ và Phát triển Xanh
473,GIL,Công ty Cổ phần Sản xuất Kinh doanh Xuất nhập khẩu Bình Thạnh
474,GKM,Công ty Cổ phần GKM Holdings
475,GLC,Công ty Cổ phần Vàng Lào Cai
476,GLT,Công ty Cổ phần Kỹ thuật điện Toàn Cầu
477,GLW,Công ty Cổ phần Cấp thoát nước Gia Lai
478,GMA,Công ty Cổ phần G-Automobile
479,GMC,Công ty Cổ phần Garmex Sài Gòn
480,GMD,Công ty Cổ phần Gemadept
481,GMH,Công ty Cổ phần Minh Hưng Quảng Trị
482,GMX,Công ty Cổ phần Gạch ngói Gốm xây dựng Mỹ Xuân
483,GND,Công ty Cổ phần Gạch ngói Đồng Nai
484,GPC,Công ty Cổ phần Tập đoàn Green+
485,GSM,Công ty Cổ phần Thủy điện Hương Sơn
486,GSP,Công ty Cổ phần Vận tải Sản phẩm Khí Quốc tế
487,GTA,Công ty Cổ phần Chế biến Gỗ Thuận An
488,GTD,Công ty Cổ phần Giầy Thượng Đình
489,GTS,Công ty Cổ phần Công trình Giao thông Sài Gòn
490,GTT,Công ty Cổ phần Thuận Thảo
491,GVR,Tập đoàn Công nghiệp Cao su Việt Nam - Công ty Cổ phần
492,GVT,Công ty Cổ phần Giấy Việt Trì
493,H11,Công ty Cổ phần Xây dựng HUD101
494,HAC,Công ty Cổ phần Chứng khoán Hải Phòng
495,HAD,Công ty Cổ phần Bia Hà Nội - Hải Dương
496,HAF,Công ty Cổ phần Thực phẩm Hà Nội
497,HAG,Công ty Cổ phần Hoàng Anh Gia Lai
498,HAH,Công ty Cổ phần Vận tải và Xếp dỡ Hải An
499,HAI,Công ty Cổ phần Nông dược HAI
500,HAM,Công ty Cổ phần Vật tư Hậu Giang
501,HAN,Tổng Công ty Xây dựng Hà Nội - CTCP
502,HAP,Công ty Cổ phần Tập Đoàn Hapaco
503,HAR,Công ty Cổ phần Đầu tư Thương mại Bất động sản An Dương Thảo Điền
504,HAS,Công ty Cổ phần Hacisco
505,HAT,Công ty Cổ phần Thương mại Bia Hà Nội
506,HAV,Công ty Cổ phần Rượu Hapro
507,HAX,Công ty Cổ phần Dịch vụ Ô tô Hàng Xanh
508,HBC,Công ty Cổ phần Tập đoàn Xây dựng Hòa Bình
509,HBD,Công ty Cổ phần Bao bì PP Bình Dương
510,HBH,Công ty Cổ phần HABECO - Hải Phòng
511,HBS,Công ty Cổ phần Chứng khoán Hòa Bình
512,HC1,Công ty Cổ phần Xây dựng số 1 Hà Nội
513,HC3,Công ty Cổ phần Xây dựng số 3 Hải Phòng
514,HCB,Công ty Cổ phần Dệt may 29/3
515,HCC,Công ty Cổ phần Bê tông Hòa Cầm - Intimex
516,HCD,Công ty Cổ phần Đầu tư Sản xuất và Thương mại HCD
517,HCI,Công ty Cổ phần Đầu tư - Xây dựng Hà Nội
518,HCM,Công ty Cổ phần Chứng khoán Thành phố Hồ Chí Minh
519,HCT,Công ty Cổ phần Thương mại - Dịch vụ - Vận tải Xi măng Hải Phòng
520,HD2,Công ty Cổ phần Đầu tư phát triển nhà HUD2
521,HD6,Công ty Cổ phần Đầu tư và Phát triển nhà số 6 Hà Nội
522,HD8,Công ty Cổ phần Đầu tư Phát triển Nhà và Đô thị HUD8
523,HDA,Công ty Cổ phần Hãng sơn Đông Á
524,HDB,Ngân hàng Thương mại Cổ phần Phát Triển Thành phố Hồ Chí Minh
525,HDC,Công ty Cổ phần Phát triển Nhà Bà Rịa Vũng Tàu
526,HDG,Công ty Cổ phần Tập đoàn Hà Đô
527,HDM,Công ty Cổ phần Dệt May Huế
528,HDO,Công ty Cổ phần Hưng Đạo Container
529,HDP,Công ty Cổ phần Dược Hà Tĩnh
530,HDW,Công ty Cổ phần Kinh doanh Nước sạch Hải Dương
531,HEC,Công ty Cổ phần Tư vấn xây dựng Thủy Lợi II
532,HEJ,Tổng Công ty Tư vấn Xây dựng Thủy Lợi Việt Nam - CTCP
533,HEM,Công ty Cổ phần Chế tạo Điện cơ Hà Nội
534,HEP,Công ty Cổ phần Môi trường và Công trình đô thị Huế
535,HES,Công ty Cổ phần Dịch vụ Giải trí Hà Nội
536,HEV,Công ty Cổ phần Sách Đại học - Dạy nghề
537,HFB,Công ty Cổ phần Công trình Cầu phà Thành phố Hồ Chí Minh
538,HFC,Công ty Cổ phần Xăng dầu HFC
539,HFX,Công ty Cổ phần Sản xuất - Xuất nhập khẩu Thanh Hà
540,HGM,Công ty Cổ phần Cơ khí và Khoáng sản Hà Giang
541,HGT,Công ty Cổ phần Du lịch Hương Giang
542,HGW,Công ty Cổ phần Cấp thoát nước - Công trình Đô thị Hậu Giang
543,HHC,Công ty Cổ phần Bánh kẹo Hải Hà
544,HHG,Công ty Cổ phần Hoàng Hà
545,HHN,Công ty Cổ phần Vận tải và Dịch vụ Hàng hóa Hà Nội
546,HHP,Công ty Cổ phần HHP Global
547,HHR,Công ty Cổ phần Đường sắt Hà Hải
548,HHS,Công ty Cổ phần Đầu tư Dịch vụ Hoàng Huy
549,HHV,Công ty Cổ phần Đầu tư Hạ tầng Giao thông Đèo Cả
550,HID,Công ty Cổ phần Halcom Vietnam
551,HIG,Công ty Cổ phần Tập đoàn HIPT
552,HII,Công ty Cổ phần An Tiến Industries
553,HJC,Công ty Cổ phần Hòa Việt
554,HJS,Công ty Cổ phần Thủy điện Nậm Mu
555,HKB,Công ty Cổ phần Nông nghiệp và Thực phẩm Hà Nội - Kinh Bắc
556,HKT,Công ty Cổ phần Đầu tư Ego Việt Nam
557,HLA,Công ty Cổ phần Hữu Liên Á Châu
558,HLB,Công ty Cổ phần Bia và Nước giải khát Hạ Long
559,HLC,Công ty Cổ phần Than Hà Lầm - Vinacomin
560,HLD,Công ty Cổ phần Đầu tư và Phát triển Bất động sản HUDLAND
561,HLR,Công ty Cổ phần Đường sắt Hà Lạng
562,HLS,Công ty Cổ phần Sứ kỹ thuật Hoàng Liên Sơn
563,HLT,Công ty Cổ phần Dệt may Hoàng Thị Loan
564,HLY,Công ty Cổ phần Gốm Xây Dựng Yên Hưng
565,HMC,Công ty Cổ phần Kim khí Thành phố Hồ Chí Minh - VNSTEEL
566,HMG,Công ty Cổ phần Kim Khí Hà Nội - VNSTEEL
567,HMH,Công ty Cổ phần Hải Minh
568,HMR,Công ty cổ phần Đá Hoàng Mai
569,HMS,Công ty Cổ phần Xây dựng Bảo tàng Hồ Chí Minh
570,HNA,Công ty Cổ phần Thủy điện Hủa Na
571,HNB,Công ty Cổ phần Bến xe Hà Nội
572,HND,Công ty Cổ phần Nhiệt điện Hải Phòng
573,HNF,Công ty Cổ phần Thực phẩm Hữu Nghị
574,HNG,Công ty Cổ phần Nông nghiệp Quốc tế Hoàng Anh Gia Lai
575,HNI,Công ty Cổ phần May Hữu Nghị
576,HNM,Công ty Cổ phần Sữa Hà Nội
577,HNP,Công ty Cổ phần Hanel Xốp Nhựa
578,HNR,Công ty Cổ phần Rượu và Nước Giải Khát Hà Nội
579,HOM,Công ty Cổ phần Xi măng VICEM Hoàng Mai
580,HOT,Công ty Cổ phần Du lịch - Dịch vụ Hội An
581,HPB,Công ty Cổ phần Bao bì PP
582,HPD,Công ty Cổ phần Thủy điện Đăk Đoa
583,HPG,Công ty Cổ phần Tập đoàn Hòa Phát
584,HPH,Công ty Cổ phần Hóa Chất Hưng Phát Hà Bắc
585,HPI,Công ty Cổ phần Khu công nghiệp Hiệp Phước
586,HPM,Công ty Cổ phần Xây dựng Thương mại và Khoáng sản Hoàng Phúc
587,HPP,Công ty Cổ phần Sơn Hải Phòng
588,HPT,Công ty Cổ phần Dịch vụ Công nghệ Tin học HPT
589,HPW,Công ty Cổ phần Cấp nước Hải Phòng
590,HPX,Công ty Cổ phần Đầu tư Hải Phát
591,HQC,Công ty Cổ phần Tư vấn - Thương mại - Dịch vụ Địa ốc Hoàng Quân
592,HRB,Công ty Cổ phần Harec Đầu tư và Thương Mại
593,HRC,Công ty Cổ phần Cao su Hòa Bình
594,HRT,Công ty Cổ phần Vận tải đường sắt Hà Nội
595,HSA,Công ty Cổ phần HESTIA
596,HSG,Công ty Cổ phần Tập đoàn Hoa Sen
597,HSI,Công ty Cổ phần Vật tư Tổng hợp và Phân bón Hóa sinh
598,HSL,Công ty Cổ phần Đầu tư Phát triển Thực phẩm Hồng Hà
599,HSM,Tổng Công ty Cổ phần Dệt May Hà Nội
600,HSP,Công ty Cổ phần Sơn Tổng hợp Hà Nội
601,HSV,Công ty Cổ phần Tập đoàn HSV Việt Nam
602,HT1,Công ty Cổ phần Xi măng VICEM Hà Tiên
603,HTC,Công ty Cổ phần Thương mại Hóc Môn
604,HTE,Công ty Cổ phần Đầu tư Kinh doanh Điện lực Thành phố Hồ Chí Minh
605,HTG,Tổng Công ty Cổ phần Dệt may Hòa Thọ
606,HTI,Công ty Cổ phần Đầu tư Phát triển Hạ tầng IDICO
607,HTL,Công ty Cổ phần Kỹ thuật và Ô tô Trường Long
608,HTM,Tổng Công ty Thương mại Hà Nội – Công ty cổ phần
609,HTN,Công ty Cổ phần Hưng Thịnh Incons
610,HTP,Công ty Cổ phần In Sách Giáo Khoa Hòa Phát
611,HTR,Công ty Cổ phần Đường sắt Hà Thái
612,HTT,Công ty Cổ phần Thương mại Hà Tây
613,HTV,Công ty Cổ phần Logistics Vicem
614,HU1,Công ty Cổ phần Đầu tư và Xây dựng HUD1
615,HU3,Công ty Cổ phần Đầu tư và Xây dựng HUD3
616,HU4,Công ty Cổ phần Đầu tư và Xây dựng HUD4
617,HU6,Công ty Cổ phần Đầu tư Phát triển Nhà và Đô thị HUD6
618,HUB,Công ty Cổ phần Xây lắp Thừa Thiên Huế
619,HUG,Tổng công ty May Hưng Yên - Công ty Cổ phần
620,HUT,Công ty Cổ phần Tasco
621,HVA,Công ty Cổ phần Đầu tư HVA
622,HVG,Công ty Cổ phần Hùng Vương
623,HVH,Công ty Cổ phần Đầu tư và Công nghệ HVC
624,HVN,Tổng Công ty Hàng không Việt Nam - CTCP
625,HVT,Công ty Cổ phần Hóa chất Việt Trì
626,HVX,Công ty Cổ phần Xi măng Vicem Hải Vân
627,HWS,Công ty Cổ phần Cấp nước Thừa Thiên Huế
628,IBC,Công ty Cổ phần Đầu tư APAX Holdings
629,IBD,Công ty Cổ phần In Tổng hợp Bình Dương
630,ICC,Công ty Cổ phần Xây dựng công nghiệp
631,ICF,Công ty Cổ phần Đầu tư-Thương mại-Thủy sản
632,ICG,Công ty Cổ phần Xây dựng Sông Hồng
633,ICI,Công ty Cổ phần Đầu tư và Xây dựng Công nghiệp
634,ICN,Công ty Cổ phần Đầu tư Xây dựng Dầu khí IDICO
635,ICT,Công ty Cổ phần Viễn thông - Tin học Bưu điện
636,IDC,Tổng Công ty IDICO - CTCP
637,IDI,Công ty Cổ phần Đầu tư và Phát triển Đa Quốc Gia I.D.I
638,IDJ,Công ty Cổ phần Đầu tư IDJ Việt Nam
639,IDP,Công ty Cổ phần Sữa Quốc tế
640,IDV,Công ty Cổ phần Phát triển Hạ tầng Vĩnh Phúc
641,IFS,Công ty Cổ phần Thực phẩm Quốc tế
642,IHK,Công ty Cổ phần In Hàng Không
643,IJC,Công ty Cổ phần Phát triển Hạ tầng Kỹ thuật
644,ILA,Công ty Cổ phần ILA
645,ILB,Công ty Cổ phần ICD Tân Cảng - Long Bình
646,ILC,Công ty Cổ phần Hợp tác lao động với nước ngoài
647,ILS,Công ty Cổ phần Đầu tư Thương mại và Dịch vụ Quốc tế
648,IME,Công ty Cổ phần Cơ khí và Xây lắp Công nghiệp
649,IMP,Công ty Cổ phần Dược phẩm IMEXPHARM
650,IN4,Công ty Cổ phần In số 4
651,INC,Công ty Cổ phần Tư vấn Đầu tư IDICO
652,INN,Công ty Cổ phần Bao bì và In Nông nghiệp
653,IPA,Công ty Cổ phần Tập đoàn Đầu tư I.P.A
654,IRC,Công ty Cổ phần Cao su Công nghiệp
655,ISG,Công ty Cổ phần Vận tải biển và Hợp tác lao động Quốc Tế
656,ISH,Công ty Cổ phần Thủy điện Srok Phu Miêng IDICO
657,IST,Công ty Cổ phần ICD Tân Cảng Sóng Thần
658,ITA,Công ty Cổ phần Đầu tư và Công nghiệp Tân Tạo
659,ITC,Công ty Cổ phần Đầu tư - Kinh doanh nhà
660,ITD,Công ty Cổ phần Công nghệ Tiên Phong
661,ITQ,Công ty Cổ phần Tập đoàn Thiên Quang
662,ITS,"Công ty Cổ phần Đầu tư, Thương mại và Dịch vụ - Vinacomin"
663,IVS,Công ty Cổ phần Chứng khoán Guotai Junan (Việt Nam)
664,JOS,Công ty CP Chế biến Thủy sản Xuất khẩu Minh Hải
665,JVC,Công ty Cổ phần Đầu tư và Phát triển Y tế Việt Nhật
666,KAC,Công ty Cổ phần Đầu tư Địa ốc Khang An
667,KBC,Tổng Công ty Phát triển Đô thị Kinh Bắc
668,KCB,Công ty Cổ phần Khoáng Sản và Luyện Kim Cao Bằng
669,KCE,Công ty Cổ phần Bê tông Ly tâm Điện lực Khánh Hòa
670,KDC,Công ty Cổ phần Tập đoàn KIDO
671,KDH,Công ty Cổ phần Đầu tư và Kinh doanh nhà Khang Điền
672,KDM,Công ty Cổ phần Tập đoàn GCL
673,KGM,Công ty Cổ phần Xuất nhập khẩu Kiên Giang
674,KHD,"Công ty Cổ phần Khai thác, Chế biến Khoáng sản Hải Dương"
675,KHG,Công ty Cổ phần Tập đoàn Khải Hoàn Land
676,KHL,Công ty Cổ phần Khoáng sản và Vật liệu Xây dựng Hưng Long
677,KHP,Công ty Cổ phần Điện lực Khánh Hòa
678,KHS,Công ty Cổ phần Kiên Hùng
679,KHW,Công ty Cổ phần Cấp thoát nước Khánh Hòa
680,KIP,Công ty Cổ phần K.I.P Việt Nam
681,KKC,Công ty Cổ phần Tập đoàn Thành Thái
682,KLB,Ngân hàng Thương mại Cổ phần Kiên Long
683,KLF,Công ty Cổ phần Đầu tư Thương mại và Xuất nhập khẩu CFS
684,KLM,Công ty Cổ phần Kim loại màu Nghệ Tĩnh
685,KMR,Công ty Cổ phần Mirae
686,KMT,Công ty Cổ phần Kim khí Miền Trung
687,KOS,Công ty Cổ phần KOSY
688,KPF,Công ty Cổ phần Đầu tư Tài sản KOJI
689,KSB,Công ty Cổ phần Khoáng sản và Xây dựng Bình Dương
690,KSD,Công ty Cổ phần Đầu tư DNA
691,KSF,Công ty cổ phần Tập đoàn Real Tech
692,KSH,Công ty Cổ phần Damac GLS
693,KSQ,Công ty Cổ phần CNC Capital Việt Nam
694,KST,Công ty Cổ phần KASATI
695,KSV,Tổng Công ty Khoáng sản TKV - Công ty Cổ phần
696,KTC,Công ty Cổ phần Thương mại Kiên Giang
697,KTL,Công ty Cổ phần Kim khí Thăng Long
698,KTS,Công ty Cổ phần Đường Kon Tum
699,KTT,Công ty Cổ phần Tập đoàn Đầu tư KTT
700,KTW,Công ty Cổ phần Cấp nước Kon Tum
701,KVC,Công ty Cổ phần Sản xuất Xuất nhập khẩu Inox Kim Vĩ
702,L10,Công ty Cổ phần Lilama 10
703,L12,Công ty Cổ phần Licogi 12
704,L14,Công ty Cổ phần Licogi 14
705,L18,Công ty Cổ phần Đầu tư và Xây dựng số 18
706,L35,Công ty Cổ phần Cơ khí Lắp máy Lilama
707,L40,Công ty Cổ phần Đầu tư và Xây dựng 40
708,L43,Công ty Cổ phần Lilama 45.3
709,L44,Công ty Cổ phần Lilama 45.4
710,L45,Công ty Cổ phần Lilama 45.1
711,L61,Công ty Cổ phần Lilama 69-1
712,L62,Công ty Cổ phần Lilama 69 - 2
713,L63,Công ty Cổ phần Lilama 69-3
714,LAF,Công ty Cổ phần Chế biến Hàng Xuất khẩu Long An
715,LAI,Công ty Cổ phần Đầu tư Xây dựng Long An IDICO
716,LAS,Công ty Cổ phần Supe Phốt phát và Hóa chất Lâm Thao
717,LAW,Công ty Cổ phần Cấp thoát nước Long An
718,LBC,Công ty Cổ phần Thương mại - Đầu tư Long Biên
719,LBE,Công ty Cổ phần Sách và Thiết bị Trường học Long An
720,LBM,Công ty Cổ phần Khoáng sản và Vật liệu xây dựng Lâm Đồng
721,LCC,Công ty Cổ phần Xi măng Hồng Phong
722,LCD,Công ty Cổ phần Lắp máy - Thí nghiệm cơ điện
723,LCG,Công ty Cổ phần Lizen
724,LCM,Công ty Cổ phần Khai thác và Chế biến Khoáng sản Lào Cai
725,LCS,Công ty Cổ phần Licogi 16.6
726,LDG,Công ty Cổ phần Đầu tư LDG
727,LDP,Công ty Cổ phần Dược Lâm Đồng - Ladophar
728,LDW,Công ty Cổ phần Cấp thoát nước Lâm Đồng
729,LEC,Công ty Cổ phần Bất động sản Điện lực Miền Trung
730,LG9,Công ty Cổ phần Cơ giới và Xây lắp số 9
731,LGC,Công ty Cổ phần Đầu tư Cầu đường CII
732,LGL,Công ty Cổ phần Đầu tư và Phát triển Đô thị Long Giang
733,LGM,Công ty Cổ phần Giày da và may mặc xuất khẩu (Legamex)
734,LHC,Công ty Cổ phần Đầu tư và Xây dựng Thủy lợi Lâm Đồng
735,LHG,Công ty Cổ phần Long Hậu
736,LIC,Tổng Công ty LICOGI - Công ty Cổ phần
737,LIG,Công ty Cổ phần Licogi 13
738,LIX,Công ty Cổ phần Bột Giặt LiX
739,LKW,Công ty Cổ phần Cấp nước Long Khánh
740,LLM,Tổng Công ty lắp máy Việt Nam - Công ty Cổ phần
741,LM3,Công ty Cổ phần Lilama 3
742,LM7,Công ty Cổ phần Lilama 7
743,LM8,Công ty Cổ phần Lilama 18
744,LMC,Công ty Cổ phần Long Beach LMC
745,LMH,Công ty Cổ phần Quốc Tế Holding
746,LMI,Công ty Cổ phần Đầu tư Xây dựng Lắp máy IDICO
747,LNC,Công ty Cổ phần Lệ Ninh
748,LO5,Công ty Cổ phần Lilama 5
749,LPB,Ngân hàng Thương mại Cổ phần Bưu Điện Liên Việt
750,LPT,Công ty Cổ phần Thương mại và Sản xuất Lập Phương Thành
751,LQN,Công ty Cổ phần Licogi Quảng Ngãi
752,LSG,Công ty Cổ phần Bất động sản Sài Gòn Vi na
753,LSS,Công ty Cổ phần Mía đường Lam Sơn
754,LTC,Công ty Cổ phần Điện nhẹ Viễn Thông
755,LTG,Công ty Cổ phần Tập đoàn Lộc Trời
756,LUT,Công ty Cổ phần Đầu tư Xây dựng Lương Tài
757,M10,Tổng công ty May 10 - Công ty Cổ phần
758,MA1,Công ty Cổ phần Thiết bị
759,MAC,Công ty Cổ phần Cung ứng và Dịch vụ Kỹ thuật Hàng Hải
760,MAS,Công ty cổ phần Dịch vụ Hàng Không Sân Bay Đà Nẵng
761,MBB,Ngân hàng Thương mại Cổ phần Quân đội
762,MBG,Công ty Cổ phần Tập đoàn MBG
763,MBN,Công ty Cổ phần Môi trường và Công trình đô thị Bắc Ninh
764,MBS,Công ty Cổ phần Chứng khoán MB
765,MCC,Công ty Cổ phần Gạch ngói cao cấp
766,MCD,Công ty Cổ phần Môi trường và Công trình Đô thị Đông Hà
767,MCF,Công ty Cổ phần Xây lắp Cơ khí và Lương thực Thực phẩm
768,MCG,Công ty Cổ phần Năng lượng và Bất động sản MCG
769,MCH,Công ty Cổ phần Hàng Tiêu Dùng MaSan
770,MCI,Công ty Cổ phần Đầu tư Xây dựng và Phát triển Vật liệu IDICO
771,MCM,Công ty Cổ phần Giống bò sữa Mộc Châu
772,MCO,Công ty Cổ phần Đầu tư và Xây dựng BDC Việt Nam
773,MCP,Công ty Cổ phần In và Bao bì Mỹ Châu
774,MDA,Công ty Cổ phần Môi trường Đô thị Đông Anh
775,MDC,Công ty Cổ phần Than Mông Dương - Vinacomin
776,MDF,Công ty Cổ phần Gỗ MDF VRG - Quảng Trị
777,MDG,Công ty Cổ phần Miền Đông
778,MEC,Công ty Cổ phần Cơ khí - Lắp máy Sông Đà
779,MED,Công ty Cổ phần Dược Trung ương Mediplantex
780,MEF,Công ty Cổ phần MEINFA
781,MEL,Công ty Cổ phần Thép Mê Lin
782,MES,Công ty Cổ phần Cơ điện Công trình
783,MFS,Công ty Cổ phần Dịch vụ kỹ thuật Mobifone
784,MGC,Công ty Cổ phần Địa chất mỏ - TKV
785,MGG,Tổng Công ty Đức Giang - Công ty Cổ phần
786,MGR,Công ty cổ phần Tập đoàn MGROUP
787,MH3,Công ty Cổ phần Khu công nghiệp Cao su Bình Long
788,MHC,Công ty Cổ phần MHC
789,MHL,Công ty Cổ phần Minh Hữu Liên
790,MIC,Công ty Cổ phần Kỹ nghệ Khoáng sản Quảng Nam
791,MIE,Tổng Công ty Máy và Thiết bị Công nghiệp - CTCP
792,MIG,Tổng Công ty Cổ phần Bảo hiểm Quân đội
793,MIM,Công ty Cổ phần Khoáng sản và Cơ khí
794,MKP,Công ty Cổ phần Hóa - Dược phẩm Mekophar
795,MKV,Công ty Cổ phần Dược Thú Y Cai Lậy
796,MLC,Công ty Cổ phần Môi trường Đô thị Tỉnh Lào Cai
797,MLS,Công ty Cổ phần Chăn nuôi - Mitraco
798,MML,Công ty Cổ phần Masan MEATLife
799,MNB,Tổng Công ty May Nhà Bè - Công ty Cổ phần
800,MND,Công ty Cổ phần Môi trường Nam Định
801,MPC,Công ty Cổ phần Tập đoàn Thủy sản Minh Phú
802,MPT,Công ty Cổ phần Tập đoàn MPT
803,MPY,Công ty Cổ phần Môi trường đô thị Phú Yên
804,MQB,Công ty Cổ phần Môi trường và Phát triển đô thị Quảng Bình
805,MQN,Công ty Cổ phần Môi trường đô thị Quảng Ngãi
806,MRF,Công ty Cổ phần MERUFA
807,MSB,Ngân hàng Thương mại Cổ phần Hàng Hải Việt Nam
808,MSH,Công ty Cổ phần May Sông Hồng
809,MSN,Công ty Cổ phần Tập đoàn Masan
810,MSR,Công ty Cổ phần Masan High-Tech Materials
811,MST,Công ty Cổ phần Đầu tư MST
812,MTA,Tổng Công ty Khoáng sản và Thương mại Hà Tĩnh - Công ty Cổ phần
813,MTB,Công ty Cổ phần Môi trường và Công trình đô thị tỉnh Thái Bình
814,MTC,Công ty Cổ phần Dịch vụ Du lịch Mỹ Trà
815,MTG,Công ty Cổ phần MT Gas
816,MTH,Công ty Cổ phần Môi trường Đô thị Hà Đông
817,MTL,Công ty Cổ phần Dịch vụ Môi trường Đô thị Từ Liêm
818,MTP,Công ty Cổ phần Dược Medipharco
819,MTS,Công ty Cổ phần Vật tư - TKV
820,MTV,Công ty Cổ phần Dịch vụ Môi trường và Công trình Đô thị Vũng Tàu
821,MVB,Tổng Công ty Công nghiệp mỏ Việt Bắc TKV - Công ty Cổ phần
822,MVC,Công ty Cổ phần Vật liệu và Xây dựng Bình Dương
823,MVN,Tổng Công ty Hàng hải Việt Nam - CTCP
824,MWG,Công ty Cổ phần Đầu tư Thế Giới Di Động
825,NAB,Ngân hàng Thương mại Cổ phần Nam Á
826,NAC,Công ty Cổ phần Tư vấn Xây dựng Tổng hợp
827,NAF,Công ty Cổ phần Nafoods Group
828,NAG,Công ty Cổ phần Tập đoàn Nagakawa
829,NAP,Công ty Cổ phần Cảng Nghệ Tĩnh
830,NAS,Công ty Cổ phần Dịch vụ Hàng không Sân bay Nội Bài
831,NAU,Công ty Cổ phần Môi trường và Công trình Đô thị Nghệ An
832,NAV,Công ty Cổ phần Nam Việt
833,NAW,Công ty Cổ phần Cấp nước Nghệ An
834,NBB,Công ty Cổ phần Đầu tư Năm Bảy Bảy
835,NBC,Công ty Cổ phần Than Núi Béo - Vinacomin
836,NBE,Công ty Cổ phần Sách và Thiết bị Giáo dục Miền Bắc
837,NBP,Công ty Cổ phần Nhiệt Điện Ninh Bình
838,NBT,Công ty Cổ phần Cấp thoát nước Bến Tre
839,NBW,Công ty Cổ phần Cấp nước Nhà Bè
840,NCG,Công ty Cổ phần Tập đoàn Nova Consumer
841,NCS,Công ty Cổ phần Suất ăn Hàng không Nội Bài
842,NCT,Công ty Cổ phần Dịch vụ Hàng hóa Nội Bài
843,ND2,Công ty Cổ phần Đầu tư và Phát triển điện Miền Bắc 2
844,NDC,Công ty Cổ phần Nam Dược
845,NDF,Công ty Cổ phần Chế biến thực phẩm nông sản xuất khẩu Nam Định
846,NDN,Công ty Cổ phần Đầu tư Phát triển Nhà Đà Nẵng
847,NDP,Công ty Cổ phần Dược phẩm 2/9
848,NDT,Tổng Công ty Cổ phần Dệt may Nam Định
849,NDW,Công ty Cổ phần Cấp nước Nam Định
850,NDX,Công ty Cổ phần Xây lắp Phát triển Nhà Đà Nẵng
851,NED,Công ty Cổ phần Đầu tư và Phát triển Điện Tây Bắc
852,NEM,Công ty Cổ phần Thiết bị Điện Miền Bắc
853,NET,Công ty Cổ phần Bột giặt Net
854,NFC,Công ty Cổ phần Phân lân Ninh Bình
855,NGC,Công ty Cổ phần Chế biến Thủy sản Xuất khẩu Ngô Quyền
856,NHA,Tổng Công ty Đầu tư Phát triển Nhà và Đô thị Nam Hà Nội
857,NHC,Công ty Cổ phần Gạch ngói Nhị Hiệp
858,NHH,Công ty Cổ phần Nhựa Hà Nội
859,NHP,Công ty Cổ phần Sản xuất Xuất nhập khẩu NHP
860,NHT,Công ty Cổ phần Sản xuất và Thương mại Nam Hoa
861,NHV,Công ty Cổ phần Sức khỏe Hồi sinh Việt Nam
862,NJC,Công ty Cổ phần May Nam Định
863,NKG,Công ty Cổ phần Thép Nam Kim
864,NLG,Công ty Cổ phần Đầu tư Nam Long
865,NLS,Công ty Cổ phần Cấp thoát nước Lạng Sơn
866,NNC,Công ty Cổ phần Đá Núi Nhỏ
867,NNT,Công ty Cổ phần Cấp nước Ninh Thuận
868,NO1,Công ty Cổ phần Tâp đoàn 911
869,NOS,Công ty Cổ phần Vận tải Biển và Thương mại Phương Đông
870,NQB,Công ty Cổ phần Cấp nước Quảng Bình
871,NQN,Công ty Cổ phần Nước sạch Quảng Ninh
872,NQT,Công ty Cổ phần Nước sạch Quảng Trị
873,NRC,Công ty Cổ phần Tập đoàn Danh Khôi
874,NS2,Công ty Cổ phần Nước sạch số 2 Hà Nội
875,NSC,Công ty Cổ phần Tập đoàn Giống cây trồng Việt Nam
876,NSG,Công ty Cổ phần Nhựa Sài Gòn
877,NSH,Công ty Cổ phần Tập đoàn Nhôm Sông Hồng Shalumi
878,NSL,Công ty Cổ phần Cấp nước Sơn La
879,NSS,Công ty Cổ phần Nông súc sản Đồng Nai
880,NST,Công ty Cổ phần Ngân Sơn
881,NT2,Công ty Cổ phần Điện lực Dầu khí Nhơn Trạch 2
882,NTB,Công ty Cổ phần Đầu tư Xây dựng và Khai thác Công trình giao thông 584
883,NTC,Công ty Cổ phần Khu Công nghiệp Nam Tân Uyên
884,NTF,Công ty Cổ phần Dược - Vật tư y tế Nghệ An
885,NTH,Công ty Cổ phần Thủy điện Nước Trong
886,NTL,Công ty Cổ phần Phát triển Đô thị Từ Liêm
887,NTP,Công ty Cổ phần Nhựa Thiếu niên Tiền Phong
888,NTT,Công ty Cổ phần Dệt - May Nha Trang
889,NTW,Công ty Cổ phần Cấp nước Nhơn Trạch
890,NUE,Công ty Cổ phần Môi trường Đô thị Nha Trang
891,NVB,Ngân hàng Thương mại Cổ phần Quốc Dân
892,NVL,Công ty Cổ phần Tập đoàn Đầu tư Địa ốc No Va
893,NVP,Công ty Cổ phần Nước sạch Vĩnh Phúc
894,NVT,Công ty Cổ phần Bất động sản Du lịch Ninh Vân Bay
895,NWT,Công ty Cổ phần Vận tải Newway
896,NXT,Công ty Cổ phần Sản xuất và Cung ứng vật liệu xây dựng Kon Tum
897,OCB,Ngân hàng Thương mại Cổ phần Phương Đông
898,OCH,Công ty Cổ phần One Capital Hospitality
899,ODE,Công ty cổ phần Tập đoàn Truyền thông và Giải trí ODE
900,OGC,Công ty Cổ phần Tập đoàn Đại Dương
901,OIL,Tổng Công ty Dầu Việt Nam - Công ty Cổ phần
902,ONE,Công ty Cổ phần Công nghệ ONE
903,ONW,Công ty Cổ phần Dịch vụ Một Thế giới
904,OPC,Công ty Cổ phần Dược Phẩm OPC
905,ORS,Công ty Cổ phần Chứng khoán Tiên Phong
906,PAC,Công ty Cổ phần Pin Ắc quy Miền Nam
907,PAI,"Công ty Cổ phần Công nghê thông tin, Viễn thông và Tự động hóa Dầu khí"
908,PAN,Công ty Cổ phần Tập đoàn PAN
909,PAP,Công ty Cổ phần Dầu khí đầu tư khai thác Cảng Phước An
910,PAS,Công ty Cổ phần Quốc tế Phương Anh
911,PAT,Công ty Cổ phần Phốt pho Apatit Việt Nam
912,PBC,Công ty Cổ phần Dược Phẩm Trung ương 1 - Pharbaco
913,PBP,Công ty Cổ phần Bao bì Dầu khí Việt Nam
914,PBT,Công ty Cổ Phần Nhà và Thương mại Dầu khí
915,PC1,Công ty Cổ phần Tập đoàn PC1
916,PCC,Công ty Cổ phần Tập đoàn Xây lắp 1 - Petrolimex
917,PCE,Công ty Cổ phần Phân bón và hóa chất dầu khí Miền Trung
918,PCF,Công ty Cổ phần Cà phê PETEC
919,PCG,Công ty Cổ phần Đầu tư Phát triển Gas Đô thị
920,PCH,Công ty Cổ phần Nhựa Picomat
921,PCM,Công ty Cổ phần Vật liệu Xây dựng Bưu điện
922,PCN,Công ty Cổ phần Hóa phẩm dầu khí DMC - Miền Bắc
923,PCT,Công ty Cổ phần Vận tải Khí và Hóa chất Việt Nam
924,PDB,Công ty Cổ phần Tập đoàn Đầu tư DIN Capital
925,PDC,Công ty Cổ phần Du lịch Dầu khí Phương Đông
926,PDN,Công ty Cổ phần Cảng Đồng Nai
927,PDR,Công ty Cổ phần Phát triển Bất động sản Phát Đạt
928,PDV,Công ty Cổ phần Vận tải và Tiếp vận Phương Đông Việt
929,PEC,Công ty Cổ phần Cơ khí Điện lực
930,PEG,Tổng Công ty Thương mại Kỹ thuật và Đầu tư - Công ty Cổ phần
931,PEN,Công ty Cổ phần Xây lắp III Petrolimex
932,PEQ,Công ty Cổ phần Thiết bị xăng dầu Petrolimex
933,PET,Tổng Công ty Cổ phần Dịch vụ Tổng hợp Dầu khí
934,PFL,Công ty Cổ phần Dầu khí Đông Đô
935,PGB,Ngân hàng Thương mại Cổ phần Thịnh vượng và Phát triển
936,PGC,Tổng Công ty Gas Petrolimex - Công ty Cổ phần
937,PGD,Công ty Cổ phần Phân phối khí thấp áp dầu khí Việt Nam
938,PGI,Tổng Công ty Cổ phần Bảo hiểm Petrolimex
939,PGN,Công ty Cổ phần Phụ Gia Nhựa
940,PGS,Công ty Cổ phần Kinh doanh Khí Miền Nam
941,PGT,Công ty Cổ phần PGT Holdings
942,PGV,Tổng Công ty Phát điện 3 - Công ty Cổ phần
943,PHC,Công ty Cổ phần Xây dựng Phục Hưng Holdings
944,PHH,Công ty Cổ phần Hồng Hà Việt Nam
945,PHN,Công ty Cổ phần Pin Hà Nội
946,PHP,Công ty Cổ phần Cảng Hải Phòng
947,PHR,Công ty Cổ phần Cao su Phước Hòa
948,PHS,Công ty Cổ phần Chứng khoán Phú Hưng
949,PIA,Công ty Cổ phần Tin học Viễn thông Petrolimex
950,PIC,Công ty Cổ phần Đầu tư Điện lực 3
951,PID,Công ty Cổ phần Trang trí nội thất Dầu khí
952,PIS,Tổng Công ty Pisico Bình Định - Công ty Cổ phần
953,PIT,Công ty Cổ phần Xuất nhập khẩu Petrolimex
954,PIV,Công ty Cổ phần PIV
955,PJC,Công ty Cổ phần Thương mại và Vận tải Petrolimex Hà Nội
956,PJS,Công ty Cổ phần Cấp nước Phú Hòa Tân
957,PJT,Công ty Cổ phần Vận tải Xăng dầu đường thủy Petrolimex
958,PLA,Công ty Cổ phần Đầu tư và Dịch vụ hạ tầng Xăng dầu
959,PLC,Tổng Công ty Hóa dầu Petrolimex - Công ty Cổ phần
960,PLE,Công ty Cổ phần Tư vấn Xây dựng Petrolimex
961,PLO,Công ty Cổ phần Kho vận Petec
962,PLP,Công ty Cổ phần Sản xuất và Công nghệ Nhựa Pha Lê
963,PLX,Tập đoàn Xăng dầu Việt Nam
964,PMB,Công ty Cổ phần Phân bón và Hóa chất Dầu khí Miền Bắc
965,PMC,Công ty Cổ phần Dược phẩm Dược liệu Pharmedic
966,PMG,Công ty Cổ phần Đầu tư và Sản xuất Petro Miền Trung
967,PMJ,Công ty cổ phần Vật tư Bưu điện
968,PMP,Công ty Cổ phần Bao bì Đạm Phú Mỹ
969,PMS,Công ty Cổ phần Cơ khí Xăng dầu
970,PMT,Công ty Cổ phần Viễn thông Telvina Việt Nam
971,PMW,Công ty Cổ phần Cấp Nước Phú Mỹ
972,PNC,Công ty Cổ phần Văn hóa Phương Nam
973,PND,Công ty Cổ phần Xăng dầu Dầu khí Nam Định
974,PNG,Công ty Cổ phần Thương Mại Phú Nhuận
975,PNJ,Công ty Cổ phần Vàng bạc Đá quý Phú Nhuận
976,PNP,Công ty Cổ phần Tân Cảng – Phú Hữu
977,PNT,Công ty Cổ phần Kỹ thuật Xây dựng Phú Nhuận
978,POB,Công ty Cổ phần Xăng dầu Dầu khí Thái Bình
979,POM,Công ty Cổ phần Thép Pomina
980,POS,"Công ty Cổ phần Dịch vụ lắp đặt, vận hành và bảo dưỡng công trình dầu khí biển PTSC"
981,POT,Công ty Cổ phần Thiết bị Bưu điện
982,POV,Công ty Cổ phần Xăng dầu Dầu khí Vũng Áng
983,POW,Tổng Công ty Điện lực Dầu khí Việt Nam - CTCP
984,PPC,Công ty Cổ phần Nhiệt điện Phả Lại
985,PPE,Công ty Cổ phần Tư vấn Đầu tư PP Enterprise
986,PPH,Tổng Công ty Cổ phần Phong Phú
987,PPI,Công ty Cổ phần Đầu tư và Phát triển dự án hạ tầng Thái Bình Dương
988,PPP,Công ty Cổ phần Dược phẩm Phong Phú
989,PPS,Công ty Cổ phần Dịch vụ Kỹ thuật Điện lực Dầu khí Việt Nam
990,PPT,Công ty cổ phần Petro Times
991,PPY,Công ty Cổ phần Xăng dầu dầu khí Phú Yên
992,PQN,Công ty Cổ phần Dịch vụ Dầu khí Quảng Ngãi PTSC
993,PRC,Công ty Cổ phần Logistics Portserco
994,PRE,Tổng Công ty Cổ phần Tái bảo hiểm Hà Nội
995,PRO,Công ty Cổ phần Procimex Việt Nam
996,PRT,Tổng Công ty Sản xuất - Xuất nhập khẩu Bình Dương - Công ty cổ phần
997,PSB,Công ty Cổ phần Đầu tư Dầu khí Sao Mai Bến Đình
998,PSC,Công ty Cổ phần Vận tải và Dịch vụ Petrolimex Sài Gòn
999,PSD,Công ty Cổ phần Dịch vụ Phân phối Tổng hợp Dầu khí
1000,PSE,Công ty Cổ phần Phân bón và hóa chất dầu khí Đông Nam Bộ
1001,PSG,Công ty Cổ phần Đầu tư và Xây lắp Dầu khí Sài Gòn
1002,PSH,Công ty Cổ phần Thương mại Đầu tư Dầu khí Nam Sông Hậu
1003,PSI,Công ty Cổ phần Chứng khoán Dầu khí
1004,PSL,Công ty Cổ phần Chăn nuôi Phú Sơn
1005,PSN,Công ty Cổ phần Dịch vụ Kỹ thuật PTSC Thanh Hóa
1006,PSP,Công ty Cổ phần Cảng Dịch vụ Dầu khí Đình Vũ
1007,PSW,Công ty Cổ phần Phân bón và hóa chất dầu khí Tây Nam Bộ
1008,PTB,Công ty Cổ phần Phú Tài
1009,PTC,Công ty Cổ phần Đầu tư ICAPITAL
1010,PTD,Công ty Cổ phần Thiết kế - Xây dựng - Thương mại Phúc Thịnh
1011,PTE,Công ty Cổ phần Xi măng Phú Thọ
1012,PTG,Công ty Cổ phần May Xuất Khẩu Phan Thiết
1013,PTH,Công ty Cổ phần Vận tải và Dịch vụ Petrolimex Hà Tây
1014,PTI,Tổng Công ty Cổ phần Bảo hiểm Bưu điện
1015,PTL,Công ty Cổ phần Victory Capital
1016,PTN,Công ty Cổ phần Phát triển Nhà Khánh Hòa
1017,PTO,Công ty Cổ phần Dịch vụ - Xây dựng Công trình Bưu điện
1018,PTP,Công ty Cổ phần Dịch vụ Viễn Thông và In Bưu điện
1019,PTS,Công ty Cổ phần Vận tải và Dịch vụ Petrolimex Hải Phòng
1020,PTT,Công ty Cổ phần Vận tải Dầu khí Đông Dương
1021,PTV,Công ty Cổ phần Thương mại Dầu khí
1022,PTX,Công ty Cổ phần Vận tải và Dịch vụ Petrolimex Nghệ Tĩnh
1023,PV2,Công ty Cổ phần Đầu tư PV2
1024,PVA,Công ty Cổ phần Tổng Công ty Xây lắp Dầu khí Nghệ An
1025,PVB,Công ty Cổ phần Bọc ống Dầu khí Việt Nam
1026,PVC,Tổng Công ty Hóa chất và Dịch vụ Dầu khí - Công ty Cổ phần
1027,PVD,Tổng Công ty Cổ phần Khoan và Dịch vụ khoan Dầu khí
1028,PVE,Tổng Công ty Tư vấn Thiết kế Dầu khí - Công ty Cổ phần
1029,PVG,Công ty Cổ phần Kinh doanh LPG Việt Nam
1030,PVH,Công ty Cổ phần Xây lắp Dầu khí Thanh Hóa
1031,PVI,Công ty Cổ phần PVI
1032,PVL,Công ty Cổ phần Đầu tư Nhà Đất Việt
1033,PVM,Công ty Cổ phần Máy - Thiết bị Dầu khí
1034,PVO,Công ty Cổ phần Dầu nhờn PV Oil
1035,PVP,Công ty Cổ phần Vận tải Dầu khí Thái Bình Dương
1036,PVR,Công ty Cổ phần Đầu tư PVR Hà Nội
1037,PVS,Tổng Công ty Cổ phần Dịch vụ Kỹ thuật Dầu khí Việt Nam
1038,PVT,Tổng Công ty Cổ phần Vận tải Dầu khí
1039,PVV,Công ty Cổ phần Vinaconex 39
1040,PVX,Tổng Công ty Cổ phần Xây lắp Dầu khí Việt Nam
1041,PVY,Công ty Cổ phần Chế tạo Giàn khoan Dầu khí
1042,PWA,Công ty Cổ phần Bất động sản dầu khí
1043,PWS,Công ty Cổ phần Cấp thoát nước Phú Yên
1044,PX1,Công ty Cổ phần Xi măng Sông Lam 2
1045,PXA,Công ty Cổ phần Đầu tư và Thương mại Dầu khí Nghệ An
1046,PXC,Công ty Cổ phần Phát triển Đô thị Dầu khí
1047,PXI,Công ty Cổ phần Xây dựng Công nghiệp và Dân dụng Dầu khí
1048,PXL,Công ty Cổ phần Đầu tư Khu Công Nghiệp Dầu khí Long Sơn
1049,PXM,Công ty Cổ phần Xây lắp Dầu khí Miền Trung
1050,PXS,Công ty Cổ phần Kết cấu Kim loại và Lắp máy Dầu khí
1051,PXT,Công ty Cổ phần Xây lắp Đường ống Bể chứa Dầu khí
1052,QBS,Công ty Cổ phần Xuất nhập khẩu Quảng Bình
1053,QCC,Công ty Cổ phần Đầu tư Xây dựng và Phát triển Hạ tầng Viễn Thông
1054,QCG,Công ty Cổ phần Quốc Cường Gia Lai
1055,QHD,Công ty Cổ phần Que hàn điện Việt Đức
1056,QHW,Công ty Cổ phần Nước khoáng Quảng Ninh
1057,QNC,Công ty Cổ phần Xi măng và Xây dựng Quảng Ninh
1058,QNS,Công ty Cổ phần Đường Quảng Ngãi
1059,QNT,Công ty Cổ phần Tư vấn và Đầu tư Phát triển Quảng Nam
1060,QNU,Công ty Cổ phần Môi trường Đô thị Quảng Nam
1061,QNW,Công ty Cổ phần Cấp thoát nước và xây dựng Quảng Ngãi
1062,QPH,Công ty Cổ phần Thủy điện Quế Phong
1063,QSP,Công ty Cổ phần Tân cảng Quy Nhơn
1064,QST,Công ty Cổ phần Sách và Thiết bị trường học Quảng Ninh
1065,QTC,Công ty Cổ phần Công trình Giao thông Vận tải Quảng Nam
1066,QTP,Công ty Cổ phần Nhiệt điện Quảng Ninh
1067,RAL,Công ty Cổ phần Bóng đèn Phích nước Rạng Đông
1068,RAT,Công ty Cổ phần Vận tải và Thương mại Đường sắt
1069,RBC,Công ty Cổ phần Công Nghiệp và Xuất nhập khẩu Cao Su
1070,RCC,Công ty Cổ phần Tổng Công ty Công trình Đường sắt
1071,RCD,Công ty Cổ phần Xây dựng - Địa ốc Cao su
1072,RCL,Công ty Cổ phần Địa ốc Chợ Lớn
1073,RDP,Công ty Cổ phần Rạng Đông Holding
1074,REE,Công ty Cổ phần Cơ điện Lạnh
1075,RGC,Công ty Cổ phần Đầu tư PV-Inconess
1076,RIC,Công ty Cổ phần Quốc Tế Hoàng Gia
1077,ROS,Công ty Cổ phần Xây dựng FLC FAROS
1078,RTB,Công ty Cổ phần Cao su Tân Biên
1079,S12,Công ty Cổ phần Sông Đà 12
1080,S27,Công ty Cổ phần Sông Đà 27
1081,S4A,Công ty Cổ phần Thủy điện Sê San 4A
1082,S55,Công ty Cổ phần Sông Đà 505
1083,S72,Công ty Cổ phần Sông Đà 7.02
1084,S74,Công ty Cổ phần Sông Đà 7.04
1085,S96,Công ty Cổ phần Sông Đà 9.06
1086,S99,Công ty Cổ phần SCI
1087,SAB,Tổng Công ty Cổ phần Bia - Rượu - Nước Giải khát Sài Gòn
1088,SAC,Công ty Cổ phần Xếp dỡ và Dịch vụ cảng Sài Gòn
1089,SAF,Công ty Cổ phần Lương thực Thực phẩm SAFOCO
1090,SAL,Công ty Cổ phần Trục vớt Cứu hộ Việt Nam
1091,SAM,Công ty Cổ phần SAM Holdings
1092,SAP,Công ty Cổ phần In Sách Giáo khoa TP.Hồ Chí Minh
1093,SAS,Công ty Cổ phần Dịch vụ Hàng không Sân bay Tân Sơn Nhất
1094,SAV,Công ty Cổ phần Hợp tác Kinh tế và Xuất nhập khẩu Savimex
1095,SB1,Công ty Cổ phần Bia Sài Gòn - Nghệ Tĩnh
1096,SBA,Công ty Cổ phần Sông Ba
1097,SBD,Công ty Cổ phần Công nghệ Sao Bắc Đẩu
1098,SBG,Công ty Cổ Phần Tập Đoàn Cơ Khí Công Nghệ Cao Siba
1099,SBH,Công ty Cổ phần Thủy điện Sông Ba Hạ
1100,SBL,Công ty Cổ phần Bia Sài Gòn - Bạc Liêu
1101,SBM,Công ty Cổ phần Đầu tư phát triển Bắc Minh
1102,SBR,Công ty Cổ phần Cao su Sông Bé
1103,SBS,Công ty Cổ phần Chứng khoán SBS
1104,SBT,Công ty Cổ phần Thành Thành Công - Biên Hòa
1105,SBV,Công ty Cổ phần Siam Brothers Việt Nam
1106,SC5,Công ty Cổ phần Xây dựng số 5
1107,SCC,Công ty Cổ phần Thương mại Đầu tư SHB
1108,SCD,Công ty Cổ phần Nước giải khát Chương Dương
1109,SCG,Công ty Cổ phần Tập đoàn Xây dựng SCG
1110,SCI,Công ty Cổ phần SCI E&C
1111,SCJ,Công ty Cổ phần Xi măng Sài Sơn
1112,SCL,Công ty Cổ phần Sông Đà Cao Cường
1113,SCO,Công ty Cổ phần Công nghiệp Thủy sản
1114,SCR,Công ty Cổ phần Địa Ốc Sài Gòn Thương Tín
1115,SCS,Công ty Cổ phần Dịch vụ Hàng hóa Sài Gòn
1116,SCY,Công ty Cổ phần Đóng tàu Sông Cấm
1117,SD1,Công ty Cổ phần Sông Đà 1
1118,SD2,Công ty Cổ phần Sông Đà 2
1119,SD3,Công ty Cổ phần Sông Đà 3
1120,SD4,Công ty Cổ phần Sông Đà 4
1121,SD5,Công ty Cổ phần Sông Đà 5
1122,SD6,Công ty Cổ phần Sông Đà 6
1123,SD7,Công ty Cổ phần Sông Đà 7
1124,SD8,Công ty Cổ phần Sông Đà 8
1125,SD9,Công ty Cổ phần Sông Đà 9
1126,SDA,Công ty Cổ phần SIMCO Sông Đà
1127,SDB,Công ty Cổ phần Sông Đà 207
1128,SDC,Công ty Cổ phần Tư vấn Sông Đà
1129,SDD,Công ty Cổ phần Đầu tư và Xây lắp Sông Đà
1130,SDG,Công ty Cổ phần Sadico Cần Thơ
1131,SDJ,Công ty Cổ phần Sông Đà 25
1132,SDK,Công ty Cổ phần Cơ khí Luyện Kim
1133,SDN,Công ty Cổ phần Sơn Đồng Nai
1134,SDP,Công ty Cổ phần SDP
1135,SDT,Công ty Cổ phần Sông Đà 10
1136,SDU,Công ty Cổ phần Đầu tư Xây dựng và Phát triển Đô thị Sông Đà
1137,SDV,Công ty Cổ phần Dịch vụ Sonadezi
1138,SDX,Công ty Cổ phần Phòng cháy chữa cháy và Đầu tư Xây dựng Sông Đà
1139,SDY,Công ty Cổ phần Xi măng Sông Đà Yaly
1140,SEA,Tổng Công ty Thủy sản Việt Nam - Công ty Cổ phần
1141,SEB,Công ty Cổ phần Đầu tư và Phát triển Điện Miền Trung
1142,SED,Công ty Cổ phần Đầu tư và Phát triển Giáo dục Phương Nam
1143,SEP,Công ty Cổ phần Tổng Công ty Thương mại Quảng Trị
1144,SFC,Công ty Cổ phần Nhiên liệu Sài Gòn
1145,SFG,Công ty Cổ phần Phân bón Miền Nam
1146,SFI,Công ty Cổ phần Đại lý Vận tải SAFI
1147,SFN,Công ty Cổ phần Dệt lưới Sài Gòn
1148,SGB,Ngân hàng Thương mại Cổ phần Sài Gòn Công thương
1149,SGC,Công ty Cổ phần Xuất nhập khẩu Sa Giang
1150,SGD,Công ty Cổ phần Sách Giáo dục tại Thành phố Hồ Chí Minh
1151,SGH,Công ty Cổ phần Khách sạn Sài Gòn
1152,SGI,Công ty Cổ phần Đầu tư phát triển Sài Gòn 3 Group
1153,SGN,Công ty Cổ phần Phục vụ mặt đất Sài Gòn
1154,SGO,Công ty Cổ phần Dầu thực vật Sài Gòn
1155,SGP,Công ty Cổ phần Cảng Sài Gòn
1156,SGR,Công ty Cổ phần Tổng Công ty Cổ phần Địa ốc Sài Gòn
1157,SGS,Công ty Cổ phần Vận tải biển Sài Gòn
1158,SGT,Công ty Cổ phần Công nghệ Viễn thông Sài Gòn
1159,SHA,Công ty Cổ phần Sơn Hà Sài Gòn
1160,SHB,Ngân hàng Thương mại Cổ phần Sài Gòn – Hà Nội
1161,SHC,Công ty Cổ phần Hàng hải Sài Gòn
1162,SHE,Công ty Cổ phần Phát triển Năng Lượng Sơn Hà
1163,SHG,Tổng Công ty Cổ phần Sông Hồng
1164,SHI,Công ty Cổ phần Quốc tế Sơn Hà
1165,SHN,Công ty Cổ phần Đầu tư Tổng hợp Hà Nội
1166,SHP,Công ty Cổ phần Thủy điện Miền Nam
1167,SHS,Công ty Cổ phần Chứng khoán Sài Gòn - Hà Nội
1168,SHX,Công ty Cổ phần Sài Gòn Hỏa xa
1169,SID,Công ty Cổ phần Đầu tư Phát triển Sài Gòn Co.op
1170,SIG,Công ty Cổ phần Đầu tư và Thương mại Sông Đà
1171,SII,Công ty Cổ phần Hạ tầng Nước Sài Gòn
1172,SIP,Công ty Cổ phần Đầu tư Sài Gòn VRG
1173,SIV,Công ty Cổ phần SIVICO
1174,SJ1,Công ty Cổ phần Nông nghiệp Hùng Hậu
1175,SJC,Công ty Cổ phần Sông Đà 1.01
1176,SJD,Công ty Cổ phần Thủy điện Cần Đơn
1177,SJE,Công ty Cổ phần Sông Đà 11
1178,SJF,Công ty Cổ phần Đầu tư Sao Thái Dương
1179,SJG,Tổng Công ty Sông Đà
1180,SJM,Công ty Cổ phần Sông Đà 19
1181,SJS,Công ty Cổ phần Đầu tư Phát triển Đô thị và Khu công nghiệp Sông Đà
1182,SKG,Công ty Cổ phần Tàu Cao tốc Superdong - Kiên Giang
1183,SKH,Công ty Cổ phần Nước giải khát Sanest Khánh Hòa
1184,SKN,Công ty Cổ phần Nước giải khát Sanna Khánh Hòa
1185,SKV,Công ty Cổ phần Nước Giải khát Yến sào Khánh Hòa
1186,SLS,Công ty Cổ phần Mía đường Sơn La
1187,SMA,Công ty Cổ phần Thiết bị Phụ tùng Sài Gòn
1188,SMB,Công ty Cổ phần Bia Sài Gòn - Miền Trung
1189,SMC,Công ty Cổ phần Đầu tư Thương mại SMC
1190,SMN,Công ty Cổ phần Sách và thiết bị giáo dục Miền Nam
1191,SMT,Công ty Cổ phần SAMETEL
1192,SNC,Công ty Cổ phần Xuất nhập khẩu Thủy sản Năm Căn
1193,SNZ,Tổng Công ty Cổ phần Phát triển Khu Công nghiệp
1194,SP2,Công ty Cổ phần Thủy điện Sử Pán 2
1195,SPB,Công ty Cổ phần Sợi Phú Bài
1196,SPC,Công ty Cổ phần Bảo vệ Thực vật Sài Gòn
1197,SPD,Công ty Cổ phần Xuất nhập khẩu Thủy sản Miền Trung
1198,SPH,Công ty Cổ phần Xuất Nhập khẩu Thủy sản Hà Nội
1199,SPI,Công ty Cổ phần Spiral Galaxy
1200,SPM,Công ty Cổ phần S.P.M
1201,SPV,Công ty Cổ phần Thủy Đặc Sản
1202,SQC,Công ty Cổ phần Khoáng sản Sài Gòn - Quy Nhơn
1203,SRA,Công ty Cổ phần SARA Việt Nam
1204,SRB,Công ty Cổ phần Tập đoàn Sara
1205,SRC,Công ty Cổ phần Cao su Sao Vàng
1206,SRF,Công ty Cổ phần Searefico
1207,SRT,Công ty Cổ phần Vận tải Đường sắt Sài Gòn
1208,SSB,Ngân hàng Thương mại Cổ phần Đông Nam Á
1209,SSC,Công ty Cổ phần Giống cây trồng Miền Nam
1210,SSF,Công ty Cổ phần Giáo dục G Sài Gòn
1211,SSG,Công ty Cổ phần Vận tải Biển Hải Âu
1212,SSH,Công ty Cổ phần Phát triển Sunshine Homes
1213,SSI,Công ty Cổ phần Chứng khoán SSI
1214,SSM,Công ty Cổ phần Chế tạo kết cấu thép VNECO.SSM
1215,SSN,Công ty Cổ phần Xuất nhập khẩu Thủy sản Sài Gòn
1216,ST8,Công ty Cổ phần Đầu tư Phát triển ST8
1217,STB,Ngân hàng Thương mại Cổ phần Sài Gòn Thương Tín
1218,STC,Công ty Cổ phần Sách và Thiết bị trường học Thành phố Hồ Chí Minh
1219,STG,Công ty Cổ phần Kho Vận Miền Nam
1220,STH,Công ty Cổ phần Phát hành sách Thái Nguyên
1221,STK,Công ty Cổ phần Sợi Thế Kỷ
1222,STL,Công ty Cổ phần Sông Đà - Thăng Long
1223,STP,Công ty Cổ phần Công nghiệp Thương mại Sông Đà
1224,STS,Công ty Cổ phần Dịch vụ vận tải Sài Gòn
1225,STT,Công ty Cổ phần Vận chuyển Sài Gòn Tourist
1226,STW,Công ty Cổ phần Cấp nước Sóc Trăng
1227,SVC,Công ty Cổ phần Dịch vụ tổng hợp Sài Gòn
1228,SVD,Công ty Cổ phần Đầu tư & Thương mại Vũ Đăng
1229,SVG,Công ty Cổ phần Hơi kỹ nghệ Que hàn
1230,SVH,Công ty Cổ phần Thủy điện Sông Vàng
1231,SVI,Công ty Cổ phần Bao bì Biên Hòa
1232,SVN,Công ty Cổ phần Tập đoàn Vexilla Việt Nam
1233,SVT,Công ty Cổ phần Công nghệ Sài Gòn Viễn Đông
1234,SWC,Tổng Công ty Cổ phần Đường Sông Miền Nam
1235,SZB,Công ty Cổ phần Sonadezi Long Bình
1236,SZC,Công ty Cổ phần Sonadezi Châu Đức
1237,SZE,Công ty Cổ phần Môi trường Sonadezi
1238,SZG,Công ty Cổ phần Sonadezi Giang Điền
1239,SZL,Công ty Cổ phần Sonadezi Long Thành
1240,TA3,Công ty cổ phần Đầu tư và Xây lắp Thành An 386
1241,TA6,Công ty Cổ phần Đầu tư và Xây lắp Thành An 665
1242,TA9,Công ty Cổ phần Xây lắp Thành An 96
1243,TAN,Công ty Cổ phần Cà phê Thuận An
1244,TAR,Công ty Cổ phần Nông nghiệp Công nghệ cao Trung An
1245,TAW,Công ty Cổ phần Cấp nước Trung An
1246,TB8,Công ty Cổ phần Sản xuất và Kinh doanh Vật tư Thiết bị - VVMI
1247,TBC,Công ty Cổ phần Thủy điện Thác Bà
1248,TBD,Tổng công ty Thiết bị điện Đông Anh - Công ty Cổ phần
1249,TBH,Công ty Cổ phần Tổng Bách Hóa
1250,TBR,Công ty Cổ phần Địa ốc Tân Bình
1251,TBT,Công ty Cổ phần Xây dựng Công trình Giao thông Bến Tre
1252,TBW,Công ty cổ phần Nước sạch Thái Bình
1253,TBX,Công ty Cổ phần Xi măng Thái Bình
1254,TC6,Công ty Cổ phần Than Cọc Sáu - Vinacomin
1255,TCB,Ngân hàng Thương mại Cổ phần Kỹ thương Việt Nam
1256,TCD,Công ty Cổ phần Đầu tư Phát triển Công nghiệp và Vận tải
1257,TCH,Công ty Cổ phần Đầu tư Dịch vụ Tài chính Hoàng Huy
1258,TCI,Công ty Cổ phần Chứng khoán Thành Công
1259,TCJ,Công ty Cổ phần Tô Châu
1260,TCK,Tổng Công ty Cơ khí Xây dựng - CTCP
1261,TCL,Công ty Cổ phần Đại lý Giao nhận Vận tải Xếp dỡ Tân Cảng
1262,TCM,Công ty Cổ phần Dệt may - Đầu tư - Thương mại Thành Công
1263,TCO,Công ty Cổ phần TCO Holdings
1264,TCR,Công ty Cổ phần Công nghiệp Gốm sứ TAICERA
1265,TCT,Công ty Cổ phần Cáp treo Núi Bà Tây Ninh
1266,TCW,Công ty Cổ phần Kho Vận Tân Cảng
1267,TDB,Công ty Cổ phần Thủy điện Định Bình
1268,TDC,Công ty Cổ phần Kinh doanh và Phát triển Bình Dương
1269,TDF,Công ty Cổ phần Trung Đô
1270,TDG,Công ty Cổ phần Đầu tư TDG Global
1271,TDH,Công ty Cổ phần Phát triển Nhà Thủ Đức
1272,TDI,Công ty Cổ phần Tập đoàn TDI 
1273,TDM,Công ty Cổ phần Nước Thủ Dầu Một
1274,TDN,Công ty Cổ phần Than Đèo Nai - Vinacomin
1275,TDP,Công ty Cổ phần Thuận Đức
1276,TDS,Công ty Cổ phần Thép Thủ Đức - VNSTEEL
1277,TDT,Công ty Cổ phần Đầu tư và Phát triển TDT
1278,TDW,Công ty Cổ phần Cấp nước Thủ Đức
1279,TED,Tổng Công ty Tư vấn Thiết kế Giao thông Vận tải - CTCP
1280,TEG,Công ty Cổ phần Năng Lượng và Bất động sản Trường Thành
1281,TEL,Công ty Cổ phần Phát triển công trình viễn thông
1282,TET,Công ty Cổ phần Vải sợi May mặc Miền Bắc
1283,TFC,Công ty Cổ phần Trang
1284,TGG,Công ty Cổ phần The Golden Group
1285,TGP,Công ty Cổ phần Trường Phú
1286,TH1,Công ty Cổ phần Xuất nhập khẩu Tổng hợp I Việt Nam
1287,THB,Công ty Cổ phần Bia Hà Nội - Thanh Hóa
1288,THD,Công ty Cổ phần Thaiholdings
1289,THG,Công ty Cổ phần Đầu tư và Xây dựng Tiền Giang
1290,THM,Công ty Cổ phần Tứ Hải Hà Nam
1291,THN,Công ty Cổ phần Cấp nước Thanh Hóa
1292,THP,Công ty Cổ phần Thủy sản và Thương mại Thuận Phước
1293,THS,Công ty Cổ phần Thanh Hoa Sông Đà
1294,THT,Công ty Cổ phần Than Hà Tu - Vinacomin
1295,THU,Công ty Cổ phần Môi trường và Công trình đô thị Thanh Hóa
1296,THW,Công ty Cổ phần Cấp nước Tân Hòa
1297,TID,Công ty Cổ phần Tổng Công ty Tín Nghĩa
1298,TIE,Công ty Cổ phần TIE
1299,TIG,Công ty Cổ phần Tập đoàn Đầu tư Thăng Long
1300,TIN,Công ty Tài chính Cổ phần Tín Việt
1301,TIP,Công ty Cổ phần Phát triển Khu công nghiệp Tín Nghĩa
1302,TIS,Công ty Cổ phần Gang thép Thái Nguyên
1303,TIX,Công ty Cổ phần Sản xuất Kinh doanh Xuất nhập khẩu Dịch vụ và Đầu tư Tân Bình
1304,TJC,Công ty Cổ phần Dịch vụ Vận tải và Thương mại
1305,TKA,Công ty Cổ phần Bao bì Tân Khánh An
1306,TKC,Công ty Cổ phần Xây dựng và Kinh doanh Địa ốc Tân Kỷ
1307,TKG,Công ty Cổ phần Sản xuất và Thương mại Tùng Khánh
1308,TKU,Công ty Cổ phần Công nghiệp Tung Kuang
1309,TL4,Tổng Công ty Xây dựng Thủy lợi 4 - Công ty Cổ phần
1310,TLD,Công ty Cổ phần Đầu tư Xây dựng và Phát triển Đô thị Thăng Long
1311,TLG,Công ty Cổ phần Tập đoàn Thiên Long
1312,TLH,Công ty Cổ phần Tập đoàn Thép Tiến Lên
1313,TLI,Công ty Cổ phần May Quốc tế Thắng Lợi
1314,TLP,Tổng Công ty Thương mại Xuất nhập khẩu Thanh Lễ - CTCP
1315,TLT,Công ty Cổ phần Viglacera Thăng Long
1316,TMB,Công ty Cổ phần Kinh doanh Than Miền Bắc - Vinacomin
1317,TMC,Công ty Cổ phần Thương mại Xuất nhập khẩu Thủ Đức
1318,TMG,Công ty Cổ phần Kim loại màu Thái Nguyên - Vimico
1319,TMP,Công ty Cổ phần Thủy điện Thác Mơ
1320,TMS,Công ty Cổ phần Transimex
1321,TMT,Công ty Cổ phần Ô tô TMT
1322,TMW,Công ty Cổ phần Tổng hợp Gỗ Tân Mai
1323,TMX,Công ty Cổ phần VICEM Thương mại Xi măng
1324,TN1,Công ty Cổ phần Thương mại Dịch vụ TNS Holdings
1325,TNA,Công ty Cổ phần Thương mại Xuất nhập khẩu Thiên Nam
1326,TNB,Công ty Cổ phần Thép Nhà Bè - VNSTEEL
1327,TNC,Công ty Cổ phần Cao su Thống Nhất
1328,TNG,Công ty Cổ phần Đầu tư và Thương mại TNG
1329,TNH,Công ty Cổ phần Bệnh viện Quốc tế Thái Nguyên
1330,TNI,Công ty Cổ phần Tập đoàn Thành Nam
1331,TNM,Công ty Cổ phần Xuất nhập khẩu và Xây dựng Công trình
1332,TNP,Công ty Cổ phần Cảng Thị Nại
1333,TNS,Công ty Cổ phần Thép Tấm Lá Thống Nhất
1334,TNT,Công ty Cổ phần Tập đoàn TNT
1335,TNW,Công ty Cổ phần Nước sạch Thái Nguyên
1336,TOP,Công ty Cổ phần Phân phối Top One
1337,TOS,Công ty Cổ phần Dịch vụ biển Tân Cảng
1338,TOT,Công ty Cổ phần Transimex Logistics
1339,TOW,Công ty Cổ phần Cấp nước Trà Nóc - Ô Môn
1340,TPB,Ngân hàng Thương mại Cổ phần Tiên Phong
1341,TPC,Công ty Cổ phần Nhựa Tân Đại Hưng
1342,TPH,Công ty Cổ phần In Sách giáo khoa tại Thành phố Hà Nội
1343,TPP,Công ty Cổ phần Tân Phú Việt Nam
1344,TPS,Công ty Cổ phần Bến bãi vận tải Sài Gòn
1345,TQN,Công ty Cổ phần Thông Quảng Ninh
1346,TQW,Công ty Cổ phần Cấp thoát nước Tuyên Quang
1347,TR1,Công ty Cổ phần Vận Tải 1 Traco
1348,TRA,Công ty Cổ phần Traphaco
1349,TRC,Công ty Cổ phần Cao su Tây Ninh
1350,TRS,Công ty Cổ phần Vận tải và Dịch vụ Hàng Hải
1351,TRT,Công ty Cổ phần RedstarCera
1352,TS3,Công ty Cổ phần Trường Sơn 532
1353,TS4,Công ty Cổ phần Thủy sản số 4
1354,TSB,Công ty Cổ phần Ắc quy Tia Sáng
1355,TSC,Công ty Cổ phần Vật tư Kỹ thuật Nông nghiệp Cần Thơ
1356,TSD,Công ty Cổ phần Du lịch Trường Sơn Coecco
1357,TSG,Công ty Cổ phần Thông tin Tín hiệu Đường sắt Sài Gòn
1358,TSJ,Công ty Cổ phần Du lịch Dịch vụ Hà Nội
1359,TST,Công ty Cổ phần Dịch vụ Kỹ thuật Viễn thông
1360,TTA,Công ty Cổ phần Đầu tư Xây dựng và Phát triển Trường Thành
1361,TTB,Công ty Cổ phần Tập đoàn Tiến Bộ
1362,TTC,Công ty Cổ phần Gạch men Thanh Thanh
1363,TTD,Công ty Cổ phần Bệnh viện Tim Tâm Đức
1364,TTE,Công ty Cổ phần Đầu tư Năng lượng Trường Thịnh
1365,TTF,Công ty Cổ phần Tập đoàn Kỹ nghệ Gỗ Trường Thành
1366,TTG,Công ty Cổ phần May Thanh Trì
1367,TTH,Công ty Cổ phần Thương mại và Dịch vụ Tiến Thành
1368,TTL,Tổng Công ty Thăng Long - Công ty Cổ phần
1369,TTN,Công ty Cổ phần Công nghệ & Truyền thông Việt Nam
1370,TTP,Công ty Cổ phần Bao bì Tân Tiến
1371,TTS,Công ty Cổ phần Cán thép Thái Trung
1372,TTT,Công ty Cổ phần Du Lịch - Thương Mại Tây Ninh
1373,TTZ,Công ty Cổ phần Đầu tư Xây dựng và Công nghệ Tiến Trung
1374,TUG,Công ty Cổ phần Lai dắt và Vận tải Cảng Hải Phòng
1375,TV1,Công ty Cổ phần Tư vấn Xây dựng Điện 1
1376,TV2,Công ty Cổ phần Tư vấn Xây dựng Điện 2
1377,TV3,Công ty Cổ phần Tư vấn Xây dựng Điện 3
1378,TV4,Công ty Cổ phần Tư vấn Xây dựng Điện 4
1379,TV6,Công ty Cổ phần Thương mại Đầu tư xây lắp điện Thịnh Vượng
1380,TVA,Công ty cổ phần Sứ Viglacera Thanh Trì
1381,TVB,Công ty Cổ phần Chứng khoán Trí Việt
1382,TVC,Công ty Cổ phần Tập đoàn Quản lý Tài sản Trí Việt
1383,TVD,Công ty Cổ phần Than Vàng Danh - Vinacomin
1384,TVG,Công ty Cổ phần Tư vấn Đầu tư và Xây dựng Giao thông Vận tải
1385,TVH,Công ty Cổ phần Tư vấn Xây dựng công trình Hàng hải
1386,TVM,Công ty Cổ phần Tư vấn đầu tư Mỏ và công nghiệp - Vinacomin
1387,TVN,Tổng Công ty Thép Việt Nam - Công ty Cổ phần
1388,TVP,Công ty Cổ phần Dược phẩm TV.Pharm
1389,TVS,Công ty Cổ phần Chứng khoán Thiên Việt
1390,TVT,Tổng Công ty Việt Thắng - CTCP
1391,TVW,Công ty Cổ phần Cấp thoát nước Trà Vinh
1392,TW3,Công ty Cổ phần Dược Trung Ương 3
1393,TXM,Công ty Cổ phần VICEM Thạch cao Xi Măng
1394,TYA,Công ty Cổ phần Dây và Cáp điện Taya Việt Nam
1395,UCT,Công ty Cổ phần Đô thị Cần Thơ
1396,UDC,Công ty Cổ phần Xây dựng và Phát triển đô thị Tỉnh Bà Rịa - Vũng Tàu
1397,UDJ,Công ty Cổ phần Phát triển Đô thị
1398,UDL,Công ty Cổ phần Đô thị và Môi trường Đắk Lắk
1399,UEM,Công ty Cổ phần Cơ điện Uông Bí - Vinacomin
1400,UIC,Công ty Cổ phần Đầu tư Phát triển Nhà và Đô thị IDICO
1401,UMC,Công ty Cổ phần Công trình đô thị Nam Định
1402,UNI,Công ty Cổ phần Đầu tư và Phát triển Sao Mai Việt
1403,UPC,Công ty Cổ phần Phát triển Công viên Cây xanh và Đô thị Vũng Tàu
1404,UPH,Công ty Cổ phần Dược phẩm TW25
1405,USC,Công ty Cổ phần Khảo sát và Xây dựng - USCO
1406,USD,Công ty Cổ phần Công trình Đô thị Sóc Trăng
1407,V11,Công ty Cổ phần Xây dựng số 11
1408,V12,Công ty Cổ phần Xây dựng số 12
1409,V15,Công ty Cổ phần Xây dựng số 15
1410,V21,Công ty Cổ phần Vinaconex 21
1411,VAB,Ngân hàng Thương mại Cổ phần Việt Á
1412,VAF,Công ty Cổ phần Phân lân nung chảy Văn Điển
1413,VAV,Công ty Cổ phần VIWACO
1414,VBB,Ngân hàng Thương mại Cổ phần Việt Nam Thương Tín
1415,VBC,"Công ty Cổ phần Nhựa, Bao bì Vinh"
1416,VBG,Công ty Cổ phần Địa chất Việt Bắc - TKV
1417,VBH,Công ty Cổ phần Điện tử Bình Hòa
1418,VC1,Công ty Cổ phần Xây dựng số 1
1419,VC2,Công ty Cổ phần Đầu tư và Xây dựng VINA2
1420,VC3,Công ty Cổ phần Tập đoàn Nam Mê Kông
1421,VC5,Công ty Cổ phần xây dựng số 5
1422,VC6,Công ty cổ phần Xây dựng và Đầu tư Visicons
1423,VC7,Công ty Cổ phần Tập đoàn BGI
1424,VC9,Công ty Cổ phần Xây dựng số 9 - VC9
1425,VCA,Công ty Cổ phần Thép VICASA - VNSTEEL
1426,VCB,Ngân hàng Thương mại Cổ phần Ngoại thương Việt Nam
1427,VCC,Công ty Cổ phần Vinaconex 25
1428,VCE,Công ty Cổ phần Xây lắp Môi trường
1429,VCF,Công ty Cổ phần VinaCafé Biên Hòa
1430,VCG,Tổng Công ty Cổ phần Xuất nhập khẩu và Xây dựng Việt Nam
1431,VCI,Công ty Cổ phần Chứng khoán Vietcap
1432,VCM,Công ty Cổ phần Nhân lực và Thương mại Vinaconex
1433,VCP,Công ty Cổ phần Xây dựng và Năng lượng VCP
1434,VCR,Công ty Cổ phần Đầu tư và Phát triển Du lịch Vinaconex
1435,VCS,Công ty Cổ phần VICOSTONE
1436,VCT,Công ty Cổ phần Tư vấn Xây dựng Vinaconex
1437,VCW,Công ty Cổ phần Đầu tư Nước sạch Sông Đà
1438,VCX,Công ty Cổ phần Xi măng Yên Bình
1439,VDB,Công ty Cổ phần Vận tải và Chế biến Than Đông Bắc
1440,VDL,Công ty Cổ phần Thực phẩm Lâm Đồng
1441,VDN,Công ty Cổ phần Vinatex Đà Nẵng
1442,VDP,Công ty Cổ phần Dược phẩm Trung ương VIDIPHA
1443,VDS,Công ty Cổ phần Chứng khoán Rồng Việt
1444,VDT,Công ty Cổ phần Lưới thép Bình Tây
1445,VE1,Công ty Cổ phần Xây dựng điện VNECO 1
1446,VE2,Công ty Cổ phần Xây dựng Điện VNECO 2
1447,VE3,Công ty Cổ phần Xây dựng điện VNECO 3
1448,VE4,Công ty Cổ phần Xây dựng điện VNECO4
1449,VE8,Công ty Cổ phần Xây dựng Điện Vneco 8
1450,VE9,Công ty Cổ phần Đầu tư và Xây dựng VNECO 9
1451,VEA,Tổng Công ty Máy động lực và Máy nông nghiệp Việt Nam - CTCP
1452,VEC,Tổng Công ty Cổ phần Điện tử và Tin học Việt Nam
1453,VEF,Công ty Cổ phần Trung tâm Hội chợ Triển lãm Việt Nam
1454,VES,Công ty Cổ phần Đầu tư và Xây dựng Điện MÊ CA VNECO
1455,VET,Công ty Cổ phần Thuốc Thú y Trung ương NAVETCO
1456,VFC,Công ty Cổ phần VINAFCO
1457,VFG,Công ty Cổ phần Khử trùng Việt Nam
1458,VFR,Công ty Cổ phần Vận tải và Thuê tàu
1459,VFS,Công ty Cổ phần Chứng khoán Nhất Việt
1460,VGC,Tổng Công ty Viglacera - Công ty Cổ phần
1461,VGG,Tổng Công Ty Cổ phần May Việt Tiến
1462,VGI,Tổng Công ty Cổ phần Đầu tư Quốc tế Viettel
1463,VGL,Công ty Cổ phần Mạ kẽm công nghiệp Vingal-Vnsteel
1464,VGP,Công ty Cổ phần Cảng Rau Quả
1465,VGR,Công ty Cổ phần Cảng xanh VIP
1466,VGS,Công ty Cổ phần Ống thép Việt Đức VG PIPE
1467,VGT,Tập đoàn Dệt May Việt Nam
1468,VGV,Tổng Công ty Tư vấn Xây dựng Việt Nam - CTCP
1469,VHC,Công ty Cổ phần Vĩnh Hoàn
1470,VHD,Công ty Cổ phần Đầu tư phát triển nhà và đô thị VINAHUD
1471,VHE,Công ty Cổ phần Dược liệu và Thực phẩm Việt Nam
1472,VHF,Công ty Cổ phần Xây dựng và Chế biến lương thực Vĩnh Hà
1473,VHG,Công ty Cổ phần Đầu tư và Phát triển Việt Trung Nam
1474,VHH,Công ty Cổ phần Đầu tư Kinh doanh nhà Thành Đạt
1475,VHL,Công ty Cổ phần Viglacera Hạ Long
1476,VHM,Công ty Cổ phần Vinhomes
1477,VIB,Ngân hàng Thương mại Cổ phần Quốc tế Việt Nam
1478,VIC,Tập đoàn Vingroup - Công ty CP
1479,VID,Công ty Cổ phần Đầu tư Phát triển Thương mại Viễn Đông
1480,VIE,Công ty Cổ phần Công nghệ Viễn thông VI TE CO
1481,VIF,Tổng Công ty Lâm nghiệp Việt Nam - Công ty Cổ phần
1482,VIG,Công ty Cổ phần Chứng khoán Đầu tư Tài chính Việt Nam
1483,VIH,Công ty Cổ phần Viglacera Hà Nội
1484,VIM,Công ty Cổ phần Khoáng sản Viglacera
1485,VIN,Công ty Cổ phần Giao nhận Kho vận Ngoại thương Việt Nam
1486,VIP,Công ty Cổ phần Vận tải Xăng dầu VIPCO
1487,VIR,Công ty Cổ phần Du lịch Quốc tế Vũng Tàu
1488,VIT,Công ty Cổ phần Viglacera Tiên Sơn
1489,VIW,Tổng công ty Đầu tư Nước và Môi trường Việt Nam - Công ty Cổ phần
1490,VIX,Công ty Cổ phần Chứng khoán VIX
1491,VJC,Công ty Cổ phần Hàng không Vietjet
1492,VKC,Công ty Cổ phần VKC Holdings
1493,VKP,Công ty Cổ phần Nhựa Tân Hóa
1494,VLA,Công ty Cổ phần Đầu tư và Phát triển Công nghệ Văn Lang
1495,VLB,Công ty Cổ phần Xây dựng và Sản xuất Vật liệu Xây dựng Biên Hòa
1496,VLC,Tổng Công ty Chăn nuôi Việt Nam - Công ty Cổ phần
1497,VLF,Công ty Cổ phần Lương thực Thực phẩm Vĩnh Long
1498,VLG,Công ty Cổ phần VIMC Logistics
1499,VLP,Công ty Cổ phần Công trình Công cộng Vĩnh Long
1500,VLW,Công ty Cổ phần Cấp nước Vĩnh Long
1501,VMA,Công ty Cổ phần Công nghiệp Ô tô Vinacomin
1502,VMC,Công ty Cổ phần VIMECO
1503,VMD,Công ty Cổ phần Y Dược phẩm Vimedimex
1504,VMG,Công ty Cổ phần Thương mại và Dịch vụ Dầu khí Vũng Tàu
1505,VMS,Công ty Cổ phần Phát triển Hàng Hải
1506,VMT,Công ty Cổ phần Giao nhận Vận tải Miền Trung
1507,VNA,Công ty Cổ phần Vận tải biển Vinaship
1508,VNB,Công ty Cổ phần Sách Việt Nam
1509,VNC,Công ty Cổ phần Tập đoàn Vinacontrol
1510,VND,Công ty Cổ phần Chứng khoán VNDIRECT
1511,VNE,Tổng Công ty Cổ phần Xây dựng điện Việt Nam
1512,VNF,Công ty Cổ phần Vinafreight
1513,VNG,Công ty Cổ phần Du Lịch Thành Thành Công
1514,VNH,Công ty Cổ phần Đầu tư Việt Việt Nhật
1515,VNI,Công ty Cổ phần Đầu tư Bất động sản Việt Nam
1516,VNL,Công ty Cổ phần Logistics Vinalink
1517,VNM,Công ty Cổ phần Sữa Việt Nam
1518,VNP,Công ty Cổ phần Nhựa Việt Nam
1519,VNR,Tổng Công ty Cổ phần Tái bảo hiểm Quốc gia Việt Nam
1520,VNS,Công ty Cổ phần Ánh Dương Việt Nam
1521,VNT,Công ty Cổ phần Giao nhận Vận tải Ngoại Thương
1522,VNX,Công ty Cổ phần Quảng cáo và Hội chợ Thương mại Vinexad
1523,VNY,Công ty Cổ phần Thuốc thú y Trung ương I
1524,VNZ,Công ty Cổ phần VNG
1525,VOC,Tổng Công ty Công nghiệp Dầu thực vật Việt Nam - Công ty Cổ phần
1526,VOS,Công ty Cổ phần Vận tải Biển Việt Nam
1527,VPA,Công ty Cổ phần Vận tải Hóa dầu VP
1528,VPB,Ngân hàng Thương mại Cổ phần Việt Nam Thịnh Vượng
1529,VPC,Công ty Cổ phần Đầu tư và Phát triển Năng lượng Việt Nam
1530,VPD,Công ty Cổ phần Phát triển Điện lực Việt Nam
1531,VPG,Công ty Cổ phần Đầu tư Thương mại Xuất nhập khẩu Việt Phát
1532,VPH,Công ty Cổ phần Vạn Phát Hưng
1533,VPI,Công ty Cổ phần Đầu tư Văn Phú - Invest
1534,VPR,Công ty Cổ phần VINAPRINT
1535,VPS,Công ty Cổ phần Thuốc sát trùng Việt Nam
1536,VPW,Công ty Cổ phần Cấp thoát nước số 1 Vĩnh Phúc
1537,VQC,Công ty Cổ phần Giám định Vinaconmin
1538,VRC,Công ty Cổ phần Bất động sản và Đầu tư VRC
1539,VRE,Công ty Cổ phần Vincom Retail
1540,VRG,Công ty Cổ phần Phát triển Đô thị và Khu Công nghiệp Cao Su Việt Nam
1541,VSA,Công ty Cổ phần Đại lý Hàng hải Việt Nam
1542,VSC,Công ty Cổ phần Container Việt Nam
1543,VSE,Công ty Cổ phần Dịch vụ Đường cao tốc Việt Nam
1544,VSF,Tổng Công ty Lương thực Miền Nam - Công ty Cổ phần
1545,VSG,Công ty Cổ phần Container Phía Nam
1546,VSH,Công ty Cổ phần Thủy điện Vĩnh Sơn - Sông Hinh
1547,VSI,Công ty Cổ phần Đầu tư và Xây dựng Cấp thoát nước
1548,VSM,Công ty Cổ phần Container Miền Trung
1549,VSN,Công ty Cổ phần Việt Nam Kỹ Nghệ Súc Sản
1550,VST,Công ty Cổ phần Vận tải và Thuê Tàu biển Việt Nam
1551,VTA,Công ty Cổ phần VITALY
1552,VTB,Công ty Cổ phần Viettronics Tân Bình
1553,VTC,Công ty Cổ phần Viễn Thông VTC
1554,VTD,Công ty Cổ phần Vietourist Holdings
1555,VTE,Công ty Cổ phần VINACAP Kim Long
1556,VTG,Công ty Cổ phần Du lịch tỉnh Bà Rịa - Vũng Tàu
1557,VTH,Công ty Cổ phần Dây cáp điện Việt Thái
1558,VTI,Công ty Cổ phần Sản xuất - Xuất nhập khẩu Dệt may
1559,VTJ,Công ty Cổ phần Thương mại và Đầu tư VI NA TA BA
1560,VTK,Công ty Cổ phần Tư vấn và Dịch vụ Viettel
1561,VTL,Công ty Cổ phần Vang Thăng Long
1562,VTM,Công ty Cổ phần Vận tải và Đưa đón thợ mỏ - Vinacomin
1563,VTO,Công ty Cổ phần Vận tải Xăng dầu VITACO
1564,VTP,Tổng Công ty Cổ phần Bưu chính Viettel
1565,VTQ,Công ty Cổ phần Việt Trung Quảng Bình
1566,VTR,Công ty Cổ phần Du lịch và tiếp thị giao thông vận tải Việt Nam - Vietravel
1567,VTS,Công ty Cổ phần Gạch Ngói Từ Sơn
1568,VTV,Công ty Cổ phần Năng lượng và Môi trường VICEM
1569,VTX,Công ty Cổ phần Vận tải Đa phương thức VIETRANSTIMEX
1570,VTZ,Công ty Cổ phần Sản xuất và Thương mại Nhựa Việt Thành
1571,VUA,Công ty Cổ phần Chứng khoán Stanley Brothers
1572,VVN,Tổng Công ty Cổ phần Xây dựng Công nghiệp Việt Nam
1573,VVS,Công ty Cổ phần Đầu tư Phát triển Máy Việt Nam
1574,VW3,Công ty Cổ phần VIWASEEN3
1575,VWS,Công ty Cổ phần Nước và Môi trường Việt Nam
1576,VXB,Công ty Cổ phần Vật liệu xây dựng Bến Tre
1577,VXP,Công ty Cổ phần Thuốc Thú y Trung ương VETVACO
1578,VXT,Công ty Cổ phần Kho vận và dịch vụ thương mại
1579,WCS,Công ty Cổ phần Bến xe Miền Tây
1580,WSB,Công ty Cổ phần Bia Sài Gòn - Miền Tây
1581,WSS,Công ty Cổ phần Chứng khoán Phố Wall
1582,WTC,Công ty Cổ phần Vận tải thủy - Vinacomin
1583,X20,Công ty Cổ phần X20
1584,X26,Công ty Cổ phần 26
1585,X77,Công ty Cổ phần Thành An 77
1586,XDC,Công ty Cổ phần Xây dựng Công trình Tân Cảng
1587,XDH,Công ty Cổ phần Đầu tư Xây dựng Dân dụng Hà Nội
1588,XHC,Công ty Cổ phần Xuân Hòa Việt Nam
1589,XLV,Công ty Cổ phần Xây lắp và Dịch vụ Sông Đà
1590,XMC,Công ty cổ phần Đầu tư và Xây dựng Xuân Mai
1591,XMD,Công ty Cổ phần Xuân Mai - Đạo Tú
1592,XMP,Công ty Cổ phần Thủy điện Xuân Minh
1593,XPH,Công ty Cổ phần Xà phòng Hà Nội
1594,YBC,Công ty Cổ phần Xi măng và Khoáng sản Yên Bái
1595,YBM,Công ty Cổ phần Khoáng sản Công nghiệp Yên Bái
1596,YEG,Công ty Cổ phần Tập đoàn Yeah1
1597,YTC,Công ty Cổ phần Xuất nhập khẩu Y tế Thành phố Hồ Chí Minh
